"site","station","overlap","overall_years","overall_frequency","overall_duration","overall_intensity","distance"
"Eastern Beach","BISHO",13,6,1.33,2.5,0.41,60.7
"Eastern Beach","CAPEPOINT",15,10,0.51,1.67,0.32,884.71
"Eastern Beach","CAPETOWND.F.MALAN-WK",9,6,0.62,1.64,0.87,870.37
"Eastern Beach","CAPETOWN-ROYALYACHTCLUB",0,0,0,0,0,884.41
"Eastern Beach","CAPETOWNSLANGKOP",3,2,0.4,1.22,0.36,897.81
"Eastern Beach","CAPETOWNWO",7,3,0.75,1.85,0.42,870.09
"Eastern Beach","CT-AWS",0,0,0,0,0,870.43
"Eastern Beach","DOHNE-AGR",0,0,0,0,0,69.63
"Eastern Beach","EASTLONDON-WK",9,6,1.08,2.02,0.49,8.24
"Eastern Beach","EASTLONDONWO",0,0,0,0,0,9.53
"Eastern Beach","GEORGEAWS",0,0,0,0,0,524.73
"Eastern Beach","GEORGECLIMATEAWS",0,0,0,0,0,525
"Eastern Beach","GEORGEWITFONTEIN",0,0,0,0,0,519.47
"Eastern Beach","HERMANUS",6,1,1,2.85,0.43,819.17
"Eastern Beach","JONKERSHOEK",0,0,0,0,0,840.16
"Eastern Beach","JOUBERTINAAWS",2,0,1,3,0.88,387.46
"Eastern Beach","JOUBERTINASCHOOLAWS",0,0,0,0,0,387.19
"Eastern Beach","KIRSTENBOSCH",15,9,0.55,1.54,0.42,885.86
"Eastern Beach","KNYSNA",3,1,1,2,0.39,462.78
"Eastern Beach","MAKATINIRESEARCHCENTRE",15,3,3,3.8,1.81,747.25
"Eastern Beach","MBAZWANAAIRFIELD",2,0,1,1.29,2.07,762.51
"Eastern Beach","MOLTENORESERVOIR",0,0,0,0,0,887.49
"Eastern Beach","MOSSELBAY",0,0,0,0,0,551.51
"Eastern Beach","PAARL",6,3,0.56,2.19,0.62,834.32
"Eastern Beach","PLETTENBERGBAAI",6,2,1.25,3.17,0.25,441.97
"Eastern Beach","PORTELIZABETHAWOS",7,1,1.5,3.63,1.32,239.09
"Eastern Beach","PORTELIZABETHAWS",0,0,0,0,0,239.13
"Eastern Beach","PORTELIZABETH-SHARKROCKPIER",0,0,0,0,0,235.17
"Eastern Beach","PORTELIZABETH-WK",9,7,0.52,1.43,0.44,240.28
"Eastern Beach","PORTNOLLOTH",0,0,0,0,0,1131.56
"Eastern Beach","RIVERSDAL",0,0,0,0,0,629.17
"Eastern Beach","SAASTRONOMICALOBSERVATORY",15,7,1,1.73,0.95,881.33
"Eastern Beach","SPRINGBOK-WK",7,0,NA,NA,NA,1022.94
"Eastern Beach","SPRINGBOKWO",6,4,0.42,1.23,0.27,1023.2
"Eastern Beach","STRAND",3,1,0.67,1.75,0.24,849.23
"Eastern Beach","TSITSIKAMMA",6,1,1.67,2.85,0.72,389.08
"Eastern Beach","TYGERHOEK",15,5,2.25,4.85,1.01,752.97
"Eastern Beach","UITENHAGE",6,2,1.25,4.38,0.97,243.31
"Eastern Beach","VIOOLSDRIF",6,0,NA,NA,NA,1095.2
"Eastern Beach","VIOOLSDRIF-AWS",0,0,0,0,0,1089.52
"Eastern Beach","WILLOWMORE",15,10,0.62,1.74,0.58,414.08
"Fish Hoek","BISHO",20,5,4.1,4.3,0.38,831.47
"Fish Hoek","CAPEPOINT",20,14,0.8,1.88,0.26,24.14
"Fish Hoek","CAPETOWND.F.MALAN-WK",1,0,NA,NA,NA,23.87
"Fish Hoek","CAPETOWN-ROYALYACHTCLUB",11,7,2,4.02,0.68,24.4
"Fish Hoek","CAPETOWNSLANGKOP",16,11,1.61,2.19,0.3,11.15
"Fish Hoek","CAPETOWNWO",20,12,1.17,2.12,0.44,24.71
"Fish Hoek","CT-AWS",11,8,1.58,2.41,0.54,23.2
"Fish Hoek","DOHNE-AGR",11,7,2,4.02,0.68,857.02
"Fish Hoek","EASTLONDON-WK",1,0,NA,NA,NA,878.42
"Fish Hoek","EASTLONDONWO",11,8,1.58,2.41,0.54,877.13
"Fish Hoek","GEORGEAWS",3,0,NA,NA,NA,363.51
"Fish Hoek","GEORGECLIMATEAWS",0,0,0,0,0,363.32
"Fish Hoek","GEORGEWITFONTEIN",5,0,NA,NA,NA,368.05
"Fish Hoek","HERMANUS",19,13,1.24,2.48,0.49,78.99
"Fish Hoek","JONKERSHOEK",0,0,0,0,0,49
"Fish Hoek","JOUBERTINAAWS",15,9,2.31,3.28,0.62,500.75
"Fish Hoek","JOUBERTINASCHOOLAWS",0,0,0,0,0,500.97
"Fish Hoek","KIRSTENBOSCH",20,14,0.76,1.84,0.3,17.41
"Fish Hoek","KNYSNA",16,12,1.19,2.59,0.31,427.48
"Fish Hoek","MAKATINIRESEARCHCENTRE",20,10,1.95,2.25,0.97,1509.64
"Fish Hoek","MBAZWANAAIRFIELD",15,5,4.62,4.83,1.14,1539.63
"Fish Hoek","MOLTENORESERVOIR",11,8,1.3,2.34,0.26,22.65
"Fish Hoek","MOSSELBAY",4,0,NA,NA,NA,339.69
"Fish Hoek","PAARL",19,11,1.24,2.23,0.49,67.6
"Fish Hoek","PLETTENBERGBAAI",19,9,1.86,3.41,0.31,449.79
"Fish Hoek","PORTELIZABETHAWOS",20,11,2.16,2.37,0.59,661.15
"Fish Hoek","PORTELIZABETHAWS",3,0,NA,NA,NA,660.93
"Fish Hoek","PORTELIZABETH-SHARKROCKPIER",0,0,0,0,0,665.19
"Fish Hoek","PORTELIZABETH-WK",1,0,0,0,0,659.66
"Fish Hoek","PORTNOLLOTH",3,0,NA,NA,NA,563.73
"Fish Hoek","RIVERSDAL",0,0,0,0,0,258.8
"Fish Hoek","SAASTRONOMICALOBSERVATORY",20,13,0.82,1.58,0.34,23.21
"Fish Hoek","SPRINGBOK-WK",2,0,NA,NA,NA,500.14
"Fish Hoek","SPRINGBOKWO",19,12,1.41,1.95,0.24,499.92
"Fish Hoek","STRAND",16,11,1.68,2.35,0.42,37.62
"Fish Hoek","TSITSIKAMMA",19,11,1.32,3.01,0.45,502.83
"Fish Hoek","TYGERHOEK",20,10,1.41,2.28,0.49,134.65
"Fish Hoek","UITENHAGE",19,7,1.95,3.76,0.5,647.01
"Fish Hoek","VIOOLSDRIF",10,0,NA,NA,NA,610.12
"Fish Hoek","VIOOLSDRIF-AWS",10,5,2.73,4.1,0.77,602.18
"Fish Hoek","WILLOWMORE",20,12,1.37,2.2,0.51,475.69
"Gordons Bay","BISHO",26,8,3.4,3.58,0.35,793.45
"Gordons Bay","CAPEPOINT",40,20,0.63,1.38,0.21,40.27
"Gordons Bay","CAPETOWND.F.MALAN-WK",21,8,0.35,0.79,0.32,31.85
"Gordons Bay","CAPETOWN-ROYALYACHTCLUB",11,7,2.4,4.57,0.86,46.74
"Gordons Bay","CAPETOWNSLANGKOP",16,11,1.7,2.27,0.32,49.78
"Gordons Bay","CAPETOWNWO",20,12,1.23,2.25,0.46,32.29
"Gordons Bay","CT-AWS",11,10,1.89,2.74,0.68,31.29
"Gordons Bay","DOHNE-AGR",11,7,2.4,4.57,0.86,819.34
"Gordons Bay","EASTLONDON-WK",21,6,0.81,1.48,0.27,840.19
"Gordons Bay","EASTLONDONWO",11,10,1.89,2.74,0.68,838.9
"Gordons Bay","GEORGEAWS",3,0,NA,NA,NA,324.94
"Gordons Bay","GEORGECLIMATEAWS",0,0,0,0,0,324.75
"Gordons Bay","GEORGEWITFONTEIN",5,0,NA,NA,NA,329.56
"Gordons Bay","HERMANUS",19,12,1.21,2.46,0.47,45.09
"Gordons Bay","JONKERSHOEK",0,0,0,0,0,22.61
"Gordons Bay","JOUBERTINAAWS",15,10,2.44,3.4,0.66,462.25
"Gordons Bay","JOUBERTINASCHOOLAWS",0,0,0,0,0,462.48
"Gordons Bay","KIRSTENBOSCH",40,21,0.59,1.33,0.25,43.99
"Gordons Bay","KNYSNA",16,11,1.26,2.68,0.32,388.85
"Gordons Bay","MAKATINIRESEARCHCENTRE",31,13,2,2.36,0.96,1476.06
"Gordons Bay","MBAZWANAAIRFIELD",15,5,4.88,4.99,1.2,1505.67
"Gordons Bay","MOLTENORESERVOIR",11,10,1.57,2.66,0.33,48.2
"Gordons Bay","MOSSELBAY",4,0,NA,NA,NA,300.99
"Gordons Bay","PAARL",19,11,1.21,2.21,0.47,49.8
"Gordons Bay","PLETTENBERGBAAI",19,8,1.82,3.39,0.29,411.12
"Gordons Bay","PORTELIZABETHAWOS",20,12,2.26,2.52,0.62,622.49
"Gordons Bay","PORTELIZABETHAWS",3,0,NA,NA,NA,622.27
"Gordons Bay","PORTELIZABETH-SHARKROCKPIER",0,0,0,0,0,626.53
"Gordons Bay","PORTELIZABETH-WK",21,8,0.41,0.96,0.32,621
"Gordons Bay","PORTNOLLOTH",3,0,NA,NA,NA,577.57
"Gordons Bay","RIVERSDAL",0,0,0,0,0,220.2
"Gordons Bay","SAASTRONOMICALOBSERVATORY",40,17,0.81,1.43,0.41,43.31
"Gordons Bay","SPRINGBOK-WK",7,0,NA,NA,NA,508.03
"Gordons Bay","SPRINGBOKWO",19,10,1.38,1.94,0.23,507.84
"Gordons Bay","STRAND",16,11,1.77,2.43,0.44,2.34
"Gordons Bay","TSITSIKAMMA",19,11,1.29,2.99,0.43,464.18
"Gordons Bay","TYGERHOEK",40,12,1.39,2.2,0.52,95.99
"Gordons Bay","UITENHAGE",19,8,1.9,3.73,0.48,608.5
"Gordons Bay","VIOOLSDRIF",10,0,NA,NA,NA,618.76
"Gordons Bay","VIOOLSDRIF-AWS",10,6,3.18,4.4,0.91,610.76
"Gordons Bay","WILLOWMORE",40,17,1,1.76,0.41,438.11
"Hamburg","BISHO",16,4,4.43,3.96,0.35,47.88
"Hamburg","CAPEPOINT",16,9,0.72,1.57,0.22,839.53
"Hamburg","CAPETOWND.F.MALAN-WK",0,0,0,0,0,826.28
"Hamburg","CAPETOWN-ROYALYACHTCLUB",10,4,1.53,2.62,0.43,840.5
"Hamburg","CAPETOWNSLANGKOP",15,7,1.36,1.68,0.24,853.25
"Hamburg","CAPETOWNWO",16,9,1,1.66,0.33,826.03
"Hamburg","CT-AWS",10,5,1.28,1.71,0.35,826.33
"Hamburg","DOHNE-AGR",10,4,1.53,2.62,0.43,85.08
"Hamburg","EASTLONDON-WK",0,0,0,0,0,42.85
"Hamburg","EASTLONDONWO",10,5,1.28,1.71,0.35,41.75
"Hamburg","GEORGEAWS",2,0,NA,NA,NA,479.24
"Hamburg","GEORGECLIMATEAWS",0,0,0,0,0,479.48
"Hamburg","GEORGEWITFONTEIN",4,0,NA,NA,NA,474.27
"Hamburg","HERMANUS",16,8,1,1.83,0.39,773.56
"Hamburg","JONKERSHOEK",0,0,0,0,0,796.04
"Hamburg","JOUBERTINAAWS",14,7,1.88,2.31,0.46,341.75
"Hamburg","JOUBERTINASCHOOLAWS",0,0,0,0,0,341.5
"Hamburg","KIRSTENBOSCH",16,10,0.63,1.52,0.24,841.77
"Hamburg","KNYSNA",15,9,0.97,1.82,0.22,416.57
"Hamburg","MAKATINIRESEARCHCENTRE",16,6,1.94,1.93,0.85,794.8
"Hamburg","MBAZWANAAIRFIELD",14,3,5,4.11,0.92,810.79
"Hamburg","MOLTENORESERVOIR",10,5,1.05,1.66,0.18,843.54
"Hamburg","MOSSELBAY",3,0,NA,NA,NA,505.38
"Hamburg","PAARL",16,8,1,1.77,0.36,791
"Hamburg","PLETTENBERGBAAI",16,6,1.55,2.58,0.22,395.36
"Hamburg","PORTELIZABETHAWOS",16,8,1.82,1.86,0.44,189.95
"Hamburg","PORTELIZABETHAWS",2,0,NA,NA,NA,190
"Hamburg","PORTELIZABETH-SHARKROCKPIER",0,0,0,0,0,185.98
"Hamburg","PORTELIZABETH-WK",0,0,0,0,0,191.18
"Hamburg","PORTNOLLOTH",2,0,NA,NA,NA,1104.19
"Hamburg","RIVERSDAL",0,0,0,0,0,583.93
"Hamburg","SAASTRONOMICALOBSERVATORY",16,9,0.67,1.27,0.26,837.38
"Hamburg","SPRINGBOK-WK",0,0,0,0,0,995.58
"Hamburg","SPRINGBOKWO",16,7,1.19,1.57,0.19,995.82
"Hamburg","STRAND",15,7,1.5,1.76,0.32,804.58
"Hamburg","TSITSIKAMMA",16,7,1.03,2.26,0.33,342.23
"Hamburg","TYGERHOEK",16,8,1.11,1.67,0.35,708
"Hamburg","UITENHAGE",16,6,1.48,2.61,0.35,196.27
"Hamburg","VIOOLSDRIF",8,0,NA,NA,NA,1071.25
"Hamburg","VIOOLSDRIF-AWS",9,4,2.3,3.11,0.53,1065.34
"Hamburg","WILLOWMORE",16,7,1.35,1.88,0.45,372.32
"Hermanus","BISHO",23,6,2.5,4.98,0.29,762.51
"Hermanus","CAPEPOINT",23,12,0.52,2.26,0.21,70.08
"Hermanus","CAPETOWND.F.MALAN-WK",4,1,0.67,2.29,0.59,77.17
"Hermanus","CAPETOWN-ROYALYACHTCLUB",11,7,1.33,5.83,0.6,92.05
"Hermanus","CAPETOWNSLANGKOP",16,9,1.04,2.78,0.24,90.34
"Hermanus","CAPETOWNWO",20,10,0.83,2.88,0.37,77.58
"Hermanus","CT-AWS",11,8,1.05,3.49,0.48,76.63
"Hermanus","DOHNE-AGR",11,7,1.33,5.83,0.6,789.92
"Hermanus","EASTLONDON-WK",4,1,0.8,2.49,0.3,808.17
"Hermanus","EASTLONDONWO",11,8,1.05,3.49,0.48,806.88
"Hermanus","GEORGEAWS",3,0,NA,NA,NA,291.68
"Hermanus","GEORGECLIMATEAWS",0,0,0,0,0,291.42
"Hermanus","GEORGEWITFONTEIN",5,0,NA,NA,NA,296.98
"Hermanus","HERMANUS",19,11,0.79,2.99,0.38,3.49
"Hermanus","JONKERSHOEK",0,0,0,0,0,57.71
"Hermanus","JOUBERTINAAWS",15,7,1.5,4.16,0.5,429.11
"Hermanus","JOUBERTINASCHOOLAWS",0,0,0,0,0,429.36
"Hermanus","KIRSTENBOSCH",23,12,0.5,2.22,0.26,88.88
"Hermanus","KNYSNA",16,10,0.77,3.28,0.25,354.51
"Hermanus","MAKATINIRESEARCHCENTRE",23,8,1.36,2.99,0.85,1457.44
"Hermanus","MBAZWANAAIRFIELD",15,3,3,6.12,0.92,1486.18
"Hermanus","MOLTENORESERVOIR",11,8,0.87,3.39,0.23,93.36
"Hermanus","MOSSELBAY",4,0,NA,NA,NA,265.84
"Hermanus","PAARL",19,9,0.79,2.69,0.38,80.68
"Hermanus","PLETTENBERGBAAI",19,9,1.18,4.12,0.24,376.29
"Hermanus","PORTELIZABETHAWOS",20,9,1.53,3.22,0.5,587.31
"Hermanus","PORTELIZABETHAWS",3,0,NA,NA,NA,587.11
"Hermanus","PORTELIZABETH-SHARKROCKPIER",0,0,0,0,0,591.37
"Hermanus","PORTELIZABETH-WK",4,2,0.67,1.69,0.25,585.85
"Hermanus","PORTNOLLOTH",3,0,NA,NA,NA,616.29
"Hermanus","RIVERSDAL",0,0,0,0,0,187.38
"Hermanus","SAASTRONOMICALOBSERVATORY",23,12,0.57,1.84,0.3,88.64
"Hermanus","SPRINGBOK-WK",5,0,NA,NA,NA,542.89
"Hermanus","SPRINGBOKWO",19,10,0.9,2.35,0.19,542.72
"Hermanus","STRAND",16,10,1.09,2.97,0.34,47.47
"Hermanus","TSITSIKAMMA",19,9,0.84,3.63,0.35,429.56
"Hermanus","TYGERHOEK",23,9,1.03,3.19,0.46,66.62
"Hermanus","UITENHAGE",19,6,1.24,4.54,0.38,574.9
"Hermanus","VIOOLSDRIF",10,0,NA,NA,NA,653.86
"Hermanus","VIOOLSDRIF-AWS",10,5,1.73,5.63,0.63,645.82
"Hermanus","WILLOWMORE",23,12,0.86,2.63,0.42,409.94
"Hout Bay","BISHO",18,6,2.82,3.23,0.25,838.53
"Hout Bay","CAPEPOINT",18,9,0.66,1.7,0.19,36.07
"Hout Bay","CAPETOWND.F.MALAN-WK",2,0,3,1.79,2.27,24.65
"Hout Bay","CAPETOWN-ROYALYACHTCLUB",8,3,1.23,2.34,0.4,16.75
"Hout Bay","CAPETOWNSLANGKOP",13,6,1.17,1.82,0.22,11.28
"Hout Bay","CAPETOWNWO",17,8,0.97,1.98,0.32,25.18
"Hout Bay","CT-AWS",8,4,1.23,1.63,0.33,24.36
"Hout Bay","DOHNE-AGR",8,3,1.23,2.34,0.4,863.6
"Hout Bay","EASTLONDON-WK",2,0,3,2.05,0.6,885.79
"Hout Bay","EASTLONDONWO",8,4,1.23,1.63,0.33,884.51
"Hout Bay","GEORGEAWS",0,0,0,0,0,371.71
"Hout Bay","GEORGECLIMATEAWS",0,0,0,0,0,371.54
"Hout Bay","GEORGEWITFONTEIN",2,0,NA,NA,NA,376.05
"Hout Bay","HERMANUS",16,8,0.83,2.2,0.32,90.86
"Hout Bay","JONKERSHOEK",0,0,0,0,0,54.11
"Hout Bay","JOUBERTINAAWS",12,6,1.91,2.55,0.45,508.71
"Hout Bay","JOUBERTINASCHOOLAWS",0,0,0,0,0,508.92
"Hout Bay","KIRSTENBOSCH",18,10,0.66,1.69,0.23,10.61
"Hout Bay","KNYSNA",13,8,0.75,1.95,0.2,435.88
"Hout Bay","MAKATINIRESEARCHCENTRE",18,6,2.38,2.91,0.76,1512.74
"Hout Bay","MBAZWANAAIRFIELD",12,3,3.5,3.74,0.77,1542.98
"Hout Bay","MOLTENORESERVOIR",8,4,0.8,1.61,0.19,13.69
"Hout Bay","MOSSELBAY",1,0,NA,NA,NA,348.46
"Hout Bay","PAARL",16,6,0.96,2.27,0.35,68.03
"Hout Bay","PLETTENBERGBAAI",16,7,1.19,2.86,0.19,458.3
"Hout Bay","PORTELIZABETHAWOS",17,7,2.07,2.49,0.47,669.6
"Hout Bay","PORTELIZABETHAWS",0,0,0,0,0,669.38
"Hout Bay","PORTELIZABETH-SHARKROCKPIER",0,0,0,0,0,673.64
"Hout Bay","PORTELIZABETH-WK",2,1,2,0.9,0.14,668.11
"Hout Bay","PORTNOLLOTH",0,0,0,0,0,551.88
"Hout Bay","RIVERSDAL",0,0,0,0,0,267.19
"Hout Bay","SAASTRONOMICALOBSERVATORY",18,8,0.76,1.44,0.27,17.48
"Hout Bay","SPRINGBOK-WK",3,0,NA,NA,NA,489.36
"Hout Bay","SPRINGBOKWO",16,9,1,1.64,0.16,489.13
"Hout Bay","STRAND",13,7,1.11,1.72,0.27,47.03
"Hout Bay","TSITSIKAMMA",16,7,0.96,2.76,0.31,511.22
"Hout Bay","TYGERHOEK",18,6,1.19,2.12,0.36,143.43
"Hout Bay","UITENHAGE",16,4,1.47,3.54,0.39,654.99
"Hout Bay","VIOOLSDRIF",10,0,NA,NA,NA,599.13
"Hout Bay","VIOOLSDRIF-AWS",7,3,2.6,2.72,0.47,591.2
"Hout Bay","WILLOWMORE",18,8,1.15,1.99,0.37,482.27
"Humewood","BISHO",14,7,2.1,3.1,0.32,193.31
"Humewood","CAPEPOINT",27,16,0.69,1.73,0.23,660.08
"Humewood","CAPETOWND.F.MALAN-WK",20,13,0.65,1.66,0.5,650
"Humewood","CAPETOWN-ROYALYACHTCLUB",0,0,0,0,0,664.69
"Humewood","CAPETOWNSLANGKOP",4,2,0.43,1.07,0.19,675.46
"Humewood","CAPETOWNWO",8,4,0.92,1.79,0.34,649.82
"Humewood","CT-AWS",0,0,0,0,0,649.97
"Humewood","DOHNE-AGR",0,0,0,0,0,232.92
"Humewood","EASTLONDON-WK",20,8,1.5,3.17,0.43,227.65
"Humewood","EASTLONDONWO",0,0,0,0,0,226.41
"Humewood","GEORGEAWS",0,0,0,0,0,301.2
"Humewood","GEORGECLIMATEAWS",0,0,0,0,0,301.34
"Humewood","GEORGEWITFONTEIN",0,0,0,0,0,297.3
"Humewood","HERMANUS",7,3,0.88,2.21,0.32,593.15
"Humewood","JONKERSHOEK",0,0,0,0,0,619.8
"Humewood","JOUBERTINAAWS",3,2,1,2.46,0.68,166.08
"Humewood","JOUBERTINASCHOOLAWS",0,0,0,0,0,165.94
"Humewood","KIRSTENBOSCH",27,17,0.69,1.65,0.3,665.38
"Humewood","KNYSNA",4,2,0.43,1.67,0.18,236.91
"Humewood","MAKATINIRESEARCHCENTRE",19,7,2.36,3.66,0.9,960.86
"Humewood","MBAZWANAAIRFIELD",3,2,1.5,1.6,0.57,980.41
"Humewood","MOLTENORESERVOIR",0,0,0,0,0,667.57
"Humewood","MOSSELBAY",0,0,0,0,0,324.92
"Humewood","PAARL",7,3,0.7,1.94,0.4,617.23
"Humewood","PLETTENBERGBAAI",7,2,1,2.74,0.18,214.58
"Humewood","PORTELIZABETHAWOS",8,4,1.71,3.13,0.72,3.6
"Humewood","PORTELIZABETHAWS",0,0,0,0,0,3.62
"Humewood","PORTELIZABETH-SHARKROCKPIER",0,0,0,0,0,1.4
"Humewood","PORTELIZABETH-WK",20,11,0.75,2.03,0.52,4.83
"Humewood","PORTNOLLOTH",0,0,0,0,0,982.77
"Humewood","RIVERSDAL",0,0,0,0,0,405.61
"Humewood","SAASTRONOMICALOBSERVATORY",27,11,1.12,2.1,0.76,661.45
"Humewood","SPRINGBOK-WK",7,0,NA,NA,NA,875.62
"Humewood","SPRINGBOKWO",7,4,0.5,1.12,0.19,875.8
"Humewood","STRAND",4,2,0.6,1.45,0.14,626.73
"Humewood","TSITSIKAMMA",7,3,0.88,2.35,0.48,161.56
"Humewood","TYGERHOEK",27,6,1.85,3.64,0.74,529.71
"Humewood","UITENHAGE",7,2,0.88,3.44,0.52,34.69
"Humewood","VIOOLSDRIF",7,0,NA,NA,NA,962.71
"Humewood","VIOOLSDRIF-AWS",0,0,0,0,0,956.05
"Humewood","WILLOWMORE",27,11,0.9,2.17,0.52,213.91
"Knysna","BISHO",15,4,3.71,5.13,0.32,412.64
"Knysna","CAPEPOINT",15,9,0.63,2.15,0.22,422.24
"Knysna","CAPETOWND.F.MALAN-WK",0,0,0,0,0,412.09
"Knysna","CAPETOWN-ROYALYACHTCLUB",9,4,1.31,3.77,0.5,426.87
"Knysna","CAPETOWNSLANGKOP",14,8,1.24,2.59,0.26,437.39
"Knysna","CAPETOWNWO",15,9,0.84,2.15,0.3,411.92
"Knysna","CT-AWS",9,5,1.06,2.31,0.38,412.04
"Knysna","DOHNE-AGR",9,4,1.31,3.77,0.5,443.36
"Knysna","EASTLONDON-WK",0,0,0,0,0,456.4
"Knysna","EASTLONDONWO",9,5,1.06,2.31,0.38,455.12
"Knysna","GEORGEAWS",1,0,NA,NA,NA,63.87
"Knysna","GEORGECLIMATEAWS",0,0,0,0,0,63.92
"Knysna","GEORGEWITFONTEIN",3,0,NA,NA,NA,61.42
"Knysna","HERMANUS",15,9,0.87,2.53,0.37,355.66
"Knysna","JONKERSHOEK",0,0,0,0,0,381.92
"Knysna","JOUBERTINAAWS",13,7,2,3.58,0.5,77.93
"Knysna","JOUBERTINASCHOOLAWS",0,0,0,0,0,78.25
"Knysna","KIRSTENBOSCH",15,10,0.55,2.08,0.23,427.44
"Knysna","KNYSNA",14,10,0.87,2.76,0.24,3.61
"Knysna","MAKATINIRESEARCHCENTRE",15,6,1.86,3.09,0.82,1143.71
"Knysna","MBAZWANAAIRFIELD",13,4,4.33,5.81,0.96,1168.41
"Knysna","MOLTENORESERVOIR",9,5,0.81,2.26,0.22,429.71
"Knysna","MOSSELBAY",2,0,NA,NA,NA,87.2
"Knysna","PAARL",15,8,0.93,2.45,0.35,380.28
"Knysna","PLETTENBERGBAAI",15,8,1.37,3.68,0.21,23.59
"Knysna","PORTELIZABETHAWOS",15,8,1.62,2.7,0.44,234.87
"Knysna","PORTELIZABETHAWS",1,0,NA,NA,NA,234.66
"Knysna","PORTELIZABETH-SHARKROCKPIER",0,0,0,0,0,238.91
"Knysna","PORTELIZABETH-WK",0,0,0,0,0,233.38
"Knysna","PORTNOLLOTH",1,0,NA,NA,NA,795.27
"Knysna","RIVERSDAL",0,0,0,0,0,167.57
"Knysna","SAASTRONOMICALOBSERVATORY",15,9,0.65,1.73,0.25,423.6
"Knysna","SPRINGBOK-WK",0,0,0,0,0,693.1
"Knysna","SPRINGBOKWO",15,8,1.18,2.24,0.19,693.19
"Knysna","STRAND",14,9,1.37,2.67,0.33,388.65
"Knysna","TSITSIKAMMA",15,8,0.93,3.22,0.32,76.6
"Knysna","TYGERHOEK",15,8,0.93,2.17,0.33,291.64
"Knysna","UITENHAGE",15,5,1.37,3.72,0.35,222.05
"Knysna","VIOOLSDRIF",8,0,NA,NA,NA,791.83
"Knysna","VIOOLSDRIF-AWS",8,4,3,4.21,0.63,784.43
"Knysna","WILLOWMORE",15,7,1.3,2.72,0.44,94.78
"Kommetjie","BISHO",20,7,3.5,4.78,0.57,841.52
"Kommetjie","CAPEPOINT",20,14,0.69,2.09,0.39,27.87
"Kommetjie","CAPETOWND.F.MALAN-WK",1,0,NA,NA,NA,31.16
"Kommetjie","CAPETOWN-ROYALYACHTCLUB",11,7,1.67,4.37,1,26.53
"Kommetjie","CAPETOWNSLANGKOP",16,12,1.3,2.41,0.47,1.35
"Kommetjie","CAPETOWNWO",20,13,1,2.35,0.65,31.88
"Kommetjie","CT-AWS",11,9,1.32,2.62,0.8,30.65
"Kommetjie","DOHNE-AGR",11,7,1.67,4.37,1,867
"Kommetjie","EASTLONDON-WK",1,0,NA,NA,NA,888.5
"Kommetjie","EASTLONDONWO",11,9,1.32,2.62,0.8,887.21
"Kommetjie","GEORGEAWS",3,0,NA,NA,NA,373.63
"Kommetjie","GEORGECLIMATEAWS",0,0,0,0,0,373.44
"Kommetjie","GEORGEWITFONTEIN",5,0,NA,NA,NA,378.16
"Kommetjie","HERMANUS",19,13,1.03,2.65,0.7,88.29
"Kommetjie","JONKERSHOEK",0,0,0,0,0,58.44
"Kommetjie","JOUBERTINAAWS",15,10,1.88,3.61,0.96,510.86
"Kommetjie","JOUBERTINASCHOOLAWS",0,0,0,0,0,511.08
"Kommetjie","KIRSTENBOSCH",20,14,0.65,2.05,0.45,19.8
"Kommetjie","KNYSNA",16,13,0.97,2.85,0.47,437.61
"Kommetjie","MAKATINIRESEARCHCENTRE",20,10,1.67,2.5,1.44,1518.74
"Kommetjie","MBAZWANAAIRFIELD",15,5,3.75,5.32,1.76,1548.82
"Kommetjie","MOLTENORESERVOIR",11,9,1.09,2.54,0.38,23.7
"Kommetjie","MOSSELBAY",4,0,NA,NA,NA,349.81
"Kommetjie","PAARL",19,13,1.03,2.38,0.7,75.3
"Kommetjie","PLETTENBERGBAAI",19,9,1.55,3.65,0.43,459.91
"Kommetjie","PORTELIZABETHAWOS",20,12,1.84,2.63,0.88,671.27
"Kommetjie","PORTELIZABETHAWS",3,0,NA,NA,NA,671.06
"Kommetjie","PORTELIZABETH-SHARKROCKPIER",0,0,0,0,0,675.31
"Kommetjie","PORTELIZABETH-WK",1,1,1,1.25,0.19,669.78
"Kommetjie","PORTNOLLOTH",3,0,NA,NA,NA,561.08
"Kommetjie","RIVERSDAL",0,0,0,0,0,268.93
"Kommetjie","SAASTRONOMICALOBSERVATORY",20,14,0.7,1.76,0.51,26.67
"Kommetjie","SPRINGBOK-WK",2,0,NA,NA,NA,499.16
"Kommetjie","SPRINGBOKWO",19,12,1.17,2.09,0.34,498.93
"Kommetjie","STRAND",16,12,1.36,2.58,0.65,47.75
"Kommetjie","TSITSIKAMMA",19,11,1.1,3.22,0.64,512.95
"Kommetjie","TYGERHOEK",20,12,1.21,2.53,0.72,144.77
"Kommetjie","UITENHAGE",19,9,1.62,4.02,0.71,657.13
"Kommetjie","VIOOLSDRIF",10,0,NA,NA,NA,608.85
"Kommetjie","VIOOLSDRIF-AWS",10,5,2.09,4.05,0.99,600.93
"Kommetjie","WILLOWMORE",20,13,1.17,2.44,0.76,485.67
"Mossel Bay","BISHO",17,6,2.6,5.43,0.27,496.14
"Mossel Bay","CAPEPOINT",17,10,0.57,2.63,0.2,337.84
"Mossel Bay","CAPETOWND.F.MALAN-WK",2,0,1,3.75,2.02,328.69
"Mossel Bay","CAPETOWN-ROYALYACHTCLUB",7,5,1.42,4.44,0.74,343.64
"Mossel Bay","CAPETOWNSLANGKOP",12,7,1.18,2.5,0.25,353.37
"Mossel Bay","CAPETOWNWO",16,9,0.9,3.1,0.33,328.56
"Mossel Bay","CT-AWS",7,6,1.55,2.98,0.5,328.62
"Mossel Bay","DOHNE-AGR",7,5,1.42,4.44,0.74,525.77
"Mossel Bay","EASTLONDON-WK",2,0,1,4.29,0.53,540.55
"Mossel Bay","EASTLONDONWO",7,6,1.55,2.98,0.5,539.27
"Mossel Bay","GEORGEAWS",0,0,0,0,0,28.55
"Mossel Bay","GEORGECLIMATEAWS",0,0,0,0,0,27.97
"Mossel Bay","GEORGEWITFONTEIN",1,0,NA,NA,NA,36.67
"Mossel Bay","HERMANUS",15,9,0.89,3.5,0.35,271.17
"Mossel Bay","JONKERSHOEK",0,0,0,0,0,298.64
"Mossel Bay","JOUBERTINAAWS",11,8,1.82,3.23,0.46,161.38
"Mossel Bay","JOUBERTINASCHOOLAWS",0,0,0,0,0,161.66
"Mossel Bay","KIRSTENBOSCH",17,11,0.55,2.49,0.23,343.95
"Mossel Bay","KNYSNA",12,9,0.71,2.47,0.2,86.07
"Mossel Bay","MAKATINIRESEARCHCENTRE",17,8,2,4.27,0.75,1217.42
"Mossel Bay","MBAZWANAAIRFIELD",11,4,3.33,4.74,0.78,1243.29
"Mossel Bay","MOLTENORESERVOIR",7,6,0.89,2.89,0.28,346.4
"Mossel Bay","MOSSELBAY",0,0,0,0,0,2.8
"Mossel Bay","PAARL",15,7,1,3.48,0.37,298.42
"Mossel Bay","PLETTENBERGBAAI",15,7,1.14,4.07,0.2,107.78
"Mossel Bay","PORTELIZABETHAWOS",16,9,1.73,3.66,0.47,319.03
"Mossel Bay","PORTELIZABETHAWS",0,0,0,0,0,318.82
"Mossel Bay","PORTELIZABETH-SHARKROCKPIER",0,0,0,0,0,323.08
"Mossel Bay","PORTELIZABETH-WK",2,1,0.67,1.88,0.12,317.55
"Mossel Bay","PORTNOLLOTH",0,0,0,0,0,742.1
"Mossel Bay","RIVERSDAL",0,0,0,0,0,84.37
"Mossel Bay","SAASTRONOMICALOBSERVATORY",17,9,0.65,2.24,0.32,340.33
"Mossel Bay","SPRINGBOK-WK",3,0,NA,NA,NA,643.86
"Mossel Bay","SPRINGBOKWO",15,9,1,2.55,0.17,643.9
"Mossel Bay","STRAND",12,8,1.25,2.37,0.29,304.68
"Mossel Bay","TSITSIKAMMA",15,8,1.14,4.35,0.36,161.03
"Mossel Bay","TYGERHOEK",17,7,1.13,3.32,0.41,207.67
"Mossel Bay","UITENHAGE",15,5,1.5,5.68,0.44,306.51
"Mossel Bay","VIOOLSDRIF",10,0,NA,NA,NA,747.08
"Mossel Bay","VIOOLSDRIF-AWS",6,4,3.2,3.67,0.7,739.42
"Mossel Bay","WILLOWMORE",17,9,1,3.11,0.39,156.69
"Muizenberg","BISHO",26,4,2.13,2.74,0.21,827.28
"Muizenberg","CAPEPOINT",39,16,0.53,1.24,0.16,28.17
"Muizenberg","CAPETOWND.F.MALAN-WK",20,9,0.46,1.03,0.33,18.1
"Muizenberg","CAPETOWN-ROYALYACHTCLUB",11,3,0.47,1.04,0.28,20.24
"Muizenberg","CAPETOWNSLANGKOP",16,6,0.96,1.54,0.19,15.74
"Muizenberg","CAPETOWNWO",20,7,0.71,1.49,0.25,18.94
"Muizenberg","CT-AWS",11,3,0.37,0.62,0.23,17.42
"Muizenberg","DOHNE-AGR",11,3,0.47,1.04,0.28,852.65
"Muizenberg","EASTLONDON-WK",20,5,1.05,1.97,0.28,874.34
"Muizenberg","EASTLONDONWO",11,3,0.37,0.62,0.23,873.05
"Muizenberg","GEORGEAWS",3,0,NA,NA,NA,359.75
"Muizenberg","GEORGECLIMATEAWS",0,0,0,0,0,359.57
"Muizenberg","GEORGEWITFONTEIN",5,0,NA,NA,NA,364.21
"Muizenberg","HERMANUS",19,8,0.76,1.74,0.29,77.68
"Muizenberg","JONKERSHOEK",0,0,0,0,0,43.94
"Muizenberg","JOUBERTINAAWS",15,5,1.38,2.31,0.38,496.9
"Muizenberg","JOUBERTINASCHOOLAWS",0,0,0,0,0,497.11
"Muizenberg","KIRSTENBOSCH",39,17,0.48,1.2,0.2,13.67
"Muizenberg","KNYSNA",16,7,0.71,1.82,0.19,423.82
"Muizenberg","MAKATINIRESEARCHCENTRE",31,8,1.37,1.99,0.67,1504.38
"Muizenberg","MBAZWANAAIRFIELD",15,3,2.75,3.4,0.7,1534.42
"Muizenberg","MOLTENORESERVOIR",11,3,0.3,0.6,0.11,19.14
"Muizenberg","MOSSELBAY",4,0,NA,NA,NA,336.19
"Muizenberg","PAARL",19,6,0.76,1.56,0.29,61.88
"Muizenberg","PLETTENBERGBAAI",19,6,1.14,2.39,0.18,446.18
"Muizenberg","PORTELIZABETHAWOS",20,7,1.32,1.66,0.34,657.52
"Muizenberg","PORTELIZABETHAWS",3,0,NA,NA,NA,657.3
"Muizenberg","PORTELIZABETH-SHARKROCKPIER",0,0,0,0,0,661.56
"Muizenberg","PORTELIZABETH-WK",20,7,0.52,1.27,0.34,656.03
"Muizenberg","PORTNOLLOTH",3,0,NA,NA,NA,560.46
"Muizenberg","RIVERSDAL",0,0,0,0,0,255.12
"Muizenberg","SAASTRONOMICALOBSERVATORY",39,12,0.68,1.29,0.32,18.5
"Muizenberg","SPRINGBOK-WK",7,0,NA,NA,NA,496.14
"Muizenberg","SPRINGBOKWO",19,6,0.86,1.37,0.14,495.92
"Muizenberg","STRAND",16,5,1,1.65,0.26,34.26
"Muizenberg","TSITSIKAMMA",19,6,0.81,2.11,0.26,499.17
"Muizenberg","TYGERHOEK",39,12,1.12,1.92,0.39,131.11
"Muizenberg","UITENHAGE",19,4,1.19,2.64,0.29,643.17
"Muizenberg","VIOOLSDRIF",10,0,NA,NA,NA,606.22
"Muizenberg","VIOOLSDRIF-AWS",10,2,0.64,1.06,0.32,598.27
"Muizenberg","WILLOWMORE",39,14,0.82,1.58,0.34,471.32
"Nahoon Beach","BISHO",13,5,1.67,2.27,0.33,62.79
"Nahoon Beach","CAPEPOINT",15,7,0.49,1.34,0.24,888.16
"Nahoon Beach","CAPETOWND.F.MALAN-WK",9,5,0.67,1.43,0.74,873.68
"Nahoon Beach","CAPETOWN-ROYALYACHTCLUB",0,0,0,0,0,887.7
"Nahoon Beach","CAPETOWNSLANGKOP",3,1,0.2,0.7,0.16,901.18
"Nahoon Beach","CAPETOWNWO",7,2,0.75,1.49,0.29,873.4
"Nahoon Beach","CT-AWS",0,0,0,0,0,873.75
"Nahoon Beach","DOHNE-AGR",0,0,0,0,0,68.85
"Nahoon Beach","EASTLONDON-WK",9,4,1.17,1.77,0.42,11.91
"Nahoon Beach","EASTLONDONWO",0,0,0,0,0,13.17
"Nahoon Beach","GEORGEAWS",0,0,0,0,0,528.24
"Nahoon Beach","GEORGECLIMATEAWS",0,0,0,0,0,528.51
"Nahoon Beach","GEORGEWITFONTEIN",0,0,0,0,0,522.94
"Nahoon Beach","HERMANUS",6,1,0.6,1.95,0.25,822.68
"Nahoon Beach","JONKERSHOEK",0,0,0,0,0,843.48
"Nahoon Beach","JOUBERTINAAWS",2,0,1,2.67,0.86,391.01
"Nahoon Beach","JOUBERTINASCHOOLAWS",0,0,0,0,0,390.74
"Nahoon Beach","KIRSTENBOSCH",15,7,0.52,1.23,0.31,889.18
"Nahoon Beach","KNYSNA",3,1,0.5,1.14,0.17,466.38
"Nahoon Beach","MAKATINIRESEARCHCENTRE",15,2,2.83,3.05,1.36,742.92
"Nahoon Beach","MBAZWANAAIRFIELD",2,0,1,1.14,2.02,758.16
"Nahoon Beach","MOLTENORESERVOIR",0,0,0,0,0,890.79
"Nahoon Beach","MOSSELBAY",0,0,0,0,0,555.09
"Nahoon Beach","PAARL",6,2,0.33,1.5,0.36,837.55
"Nahoon Beach","PLETTENBERGBAAI",6,1,0.75,2.17,0.15,445.62
"Nahoon Beach","PORTELIZABETHAWOS",7,1,1.5,2.93,0.9,243.11
"Nahoon Beach","PORTELIZABETHAWS",0,0,0,0,0,243.14
"Nahoon Beach","PORTELIZABETH-SHARKROCKPIER",0,0,0,0,0,239.2
"Nahoon Beach","PORTELIZABETH-WK",9,6,0.56,1.25,0.38,244.3
"Nahoon Beach","PORTNOLLOTH",0,0,0,0,0,1133.14
"Nahoon Beach","RIVERSDAL",0,0,0,0,0,632.64
"Nahoon Beach","SAASTRONOMICALOBSERVATORY",15,5,0.94,1.39,0.71,884.63
"Nahoon Beach","SPRINGBOK-WK",7,0,NA,NA,NA,1024.53
"Nahoon Beach","SPRINGBOKWO",6,2,0.25,0.84,0.16,1024.79
"Nahoon Beach","STRAND",3,1,0.33,1,0.11,852.62
"Nahoon Beach","TSITSIKAMMA",6,0,1,1.95,0.42,392.77
"Nahoon Beach","TYGERHOEK",15,3,2.12,3.89,0.76,756.39
"Nahoon Beach","UITENHAGE",6,1,0.75,3,0.57,247.06
"Nahoon Beach","VIOOLSDRIF",6,0,NA,NA,NA,1096.46
"Nahoon Beach","VIOOLSDRIF-AWS",0,0,0,0,0,1090.8
"Nahoon Beach","WILLOWMORE",15,8,0.59,1.4,0.43,417.2
"Orient Beach","BISHO",26,9,2.6,3.42,0.47,60.7
"Orient Beach","CAPEPOINT",28,20,0.65,1.71,0.37,884.71
"Orient Beach","CAPETOWND.F.MALAN-WK",9,8,1.19,2.11,1.11,870.37
"Orient Beach","CAPETOWN-ROYALYACHTCLUB",11,5,0.73,2.32,0.67,884.41
"Orient Beach","CAPETOWNSLANGKOP",16,9,0.83,1.55,0.35,897.81
"Orient Beach","CAPETOWNWO",20,11,0.71,1.81,0.54,870.09
"Orient Beach","CT-AWS",11,6,0.58,1.39,0.53,870.43
"Orient Beach","DOHNE-AGR",11,5,0.73,2.32,0.67,69.63
"Orient Beach","EASTLONDON-WK",9,7,2.08,2.6,0.63,8.24
"Orient Beach","EASTLONDONWO",11,6,0.58,1.39,0.53,9.53
"Orient Beach","GEORGEAWS",3,0,NA,NA,NA,524.73
"Orient Beach","GEORGECLIMATEAWS",0,0,0,0,0,525
"Orient Beach","GEORGEWITFONTEIN",5,0,NA,NA,NA,519.47
"Orient Beach","HERMANUS",19,10,0.67,1.95,0.56,819.17
"Orient Beach","JONKERSHOEK",0,0,0,0,0,840.16
"Orient Beach","JOUBERTINAAWS",15,6,1.06,2.17,0.65,387.46
"Orient Beach","JOUBERTINASCHOOLAWS",0,0,0,0,0,387.19
"Orient Beach","KIRSTENBOSCH",28,19,0.61,1.63,0.43,885.86
"Orient Beach","KNYSNA",16,9,0.61,1.83,0.36,462.78
"Orient Beach","MAKATINIRESEARCHCENTRE",28,10,2.04,2.56,1.7,747.25
"Orient Beach","MBAZWANAAIRFIELD",15,3,2.12,3.2,1.19,762.51
"Orient Beach","MOLTENORESERVOIR",11,6,0.48,1.35,0.25,887.49
"Orient Beach","MOSSELBAY",4,0,NA,NA,NA,551.51
"Orient Beach","PAARL",19,10,0.67,1.75,0.56,834.32
"Orient Beach","PLETTENBERGBAAI",19,8,1,2.68,0.35,441.97
"Orient Beach","PORTELIZABETHAWOS",20,8,1.32,2.03,0.73,239.09
"Orient Beach","PORTELIZABETHAWS",3,0,NA,NA,NA,239.13
"Orient Beach","PORTELIZABETH-SHARKROCKPIER",0,0,0,0,0,235.17
"Orient Beach","PORTELIZABETH-WK",9,9,1,1.84,0.57,240.28
"Orient Beach","PORTNOLLOTH",3,0,NA,NA,NA,1131.56
"Orient Beach","RIVERSDAL",0,0,0,0,0,629.17
"Orient Beach","SAASTRONOMICALOBSERVATORY",28,16,0.84,1.58,0.58,881.33
"Orient Beach","SPRINGBOK-WK",7,0,NA,NA,NA,1022.94
"Orient Beach","SPRINGBOKWO",19,11,0.76,1.53,0.28,1023.2
"Orient Beach","STRAND",16,9,0.86,1.66,0.49,849.23
"Orient Beach","TSITSIKAMMA",19,9,0.71,2.37,0.52,389.08
"Orient Beach","TYGERHOEK",28,11,1.42,2.6,0.79,752.97
"Orient Beach","UITENHAGE",19,5,1.05,2.95,0.57,243.31
"Orient Beach","VIOOLSDRIF",10,0,NA,NA,NA,1095.2
"Orient Beach","VIOOLSDRIF-AWS",10,4,0.91,2.14,0.62,1089.52
"Orient Beach","WILLOWMORE",28,18,0.98,1.97,0.65,414.08
"Pollock Beach","BISHO",13,3,3.33,3.52,0.37,192.52
"Pollock Beach","CAPEPOINT",13,9,0.54,1.32,0.31,662.61
"Pollock Beach","CAPETOWND.F.MALAN-WK",0,0,0,0,0,652.69
"Pollock Beach","CAPETOWN-ROYALYACHTCLUB",11,6,1.27,2.51,0.61,667.4
"Pollock Beach","CAPETOWNSLANGKOP",13,8,1.11,1.57,0.3,678.08
"Pollock Beach","CAPETOWNWO",13,8,0.74,1.57,0.51,652.51
"Pollock Beach","CT-AWS",11,8,1,1.5,0.49,652.66
"Pollock Beach","DOHNE-AGR",11,6,1.27,2.51,0.61,232.45
"Pollock Beach","EASTLONDON-WK",0,0,0,0,0,226.19
"Pollock Beach","EASTLONDONWO",11,8,1,1.5,0.49,224.97
"Pollock Beach","GEORGEAWS",3,0,NA,NA,NA,303.91
"Pollock Beach","GEORGECLIMATEAWS",0,0,0,0,0,304.05
"Pollock Beach","GEORGEWITFONTEIN",5,0,NA,NA,NA,300.07
"Pollock Beach","HERMANUS",13,8,0.71,1.56,0.55,595.64
"Pollock Beach","JONKERSHOEK",0,0,0,0,0,622.5
"Pollock Beach","JOUBERTINAAWS",13,6,1.33,2,0.52,169.04
"Pollock Beach","JOUBERTINASCHOOLAWS",0,0,0,0,0,168.9
"Pollock Beach","KIRSTENBOSCH",13,9,0.45,1.31,0.3,668.07
"Pollock Beach","KNYSNA",13,8,0.69,1.72,0.29,239.57
"Pollock Beach","MAKATINIRESEARCHCENTRE",13,7,1.18,1.49,1.1,960.66
"Pollock Beach","MBAZWANAAIRFIELD",13,3,2.86,3.85,0.94,980.06
"Pollock Beach","MOLTENORESERVOIR",11,8,0.83,1.46,0.23,670.27
"Pollock Beach","MOSSELBAY",4,0,NA,NA,NA,327.48
"Pollock Beach","PAARL",13,8,0.83,1.46,0.45,620.03
"Pollock Beach","PLETTENBERGBAAI",13,6,1.11,2.28,0.36,217.19
"Pollock Beach","PORTELIZABETHAWOS",13,8,1.33,1.46,0.48,5.88
"Pollock Beach","PORTELIZABETHAWS",3,0,NA,NA,NA,6.16
"Pollock Beach","PORTELIZABETH-SHARKROCKPIER",0,0,0,0,0,2.19
"Pollock Beach","PORTELIZABETH-WK",0,0,0,0,0,7.42
"Pollock Beach","PORTNOLLOTH",3,0,NA,NA,NA,986.28
"Pollock Beach","RIVERSDAL",0,0,0,0,0,408.26
"Pollock Beach","SAASTRONOMICALOBSERVATORY",13,9,0.53,1.1,0.29,664.15
"Pollock Beach","SPRINGBOK-WK",0,0,0,0,0,879.14
"Pollock Beach","SPRINGBOKWO",13,6,1.18,1.55,0.24,879.32
"Pollock Beach","STRAND",13,8,1.05,1.57,0.59,629.35
"Pollock Beach","TSITSIKAMMA",13,8,0.71,2,0.39,164.24
"Pollock Beach","TYGERHOEK",13,8,0.8,1.37,0.44,532.33
"Pollock Beach","UITENHAGE",13,6,1.18,2.36,0.4,38.11
"Pollock Beach","VIOOLSDRIF",4,0,NA,NA,NA,966.25
"Pollock Beach","VIOOLSDRIF-AWS",10,6,1.73,2.56,0.69,959.59
"Pollock Beach","WILLOWMORE",13,7,1.05,1.7,0.51,217.27
"Port Nolloth","BISHO",26,12,3.4,4.43,0.5,1071.01
"Port Nolloth","CAPEPOINT",39,27,0.74,1.97,0.33,587.7
"Port Nolloth","CAPETOWND.F.MALAN-WK",20,14,0.61,1.75,0.67,549.91
"Port Nolloth","CAPETOWN-ROYALYACHTCLUB",11,5,1.6,3.39,0.68,540.27
"Port Nolloth","CAPETOWNSLANGKOP",16,12,1.43,2.2,0.36,561.62
"Port Nolloth","CAPETOWNWO",20,13,1.09,2.35,0.56,549.12
"Port Nolloth","CT-AWS",11,7,1.26,2.03,0.54,550.73
"Port Nolloth","DOHNE-AGR",11,5,1.6,3.39,0.68,1073.87
"Port Nolloth","EASTLONDON-WK",20,9,1.4,3.35,0.57,1124.2
"Port Nolloth","EASTLONDONWO",11,7,1.26,2.03,0.54,1123.08
"Port Nolloth","GEORGEAWS",3,0,NA,NA,NA,742.49
"Port Nolloth","GEORGECLIMATEAWS",0,0,0,0,0,742.85
"Port Nolloth","GEORGEWITFONTEIN",5,0,NA,NA,NA,740.3
"Port Nolloth","HERMANUS",19,11,1.09,2.62,0.6,617.6
"Port Nolloth","JONKERSHOEK",0,0,0,0,0,559.25
"Port Nolloth","JOUBERTINAAWS",15,8,1.94,3.01,0.7,834.97
"Port Nolloth","JOUBERTINASCHOOLAWS",0,0,0,0,0,834.88
"Port Nolloth","KIRSTENBOSCH",39,26,0.67,1.9,0.4,546.72
"Port Nolloth","KNYSNA",16,10,1.06,2.59,0.36,793.68
"Port Nolloth","MAKATINIRESEARCHCENTRE",31,13,2.22,3.27,1.54,1511.33
"Port Nolloth","MBAZWANAAIRFIELD",15,6,3.88,4.42,1.28,1550.32
"Port Nolloth","MOLTENORESERVOIR",11,7,1.04,1.97,0.26,541.27
"Port Nolloth","MOSSELBAY",4,0,NA,NA,NA,740.93
"Port Nolloth","PAARL",19,12,1.09,2.36,0.59,535.67
"Port Nolloth","PLETTENBERGBAAI",19,8,1.64,3.6,0.37,813.81
"Port Nolloth","PORTELIZABETHAWOS",20,11,2,2.63,0.75,980.85
"Port Nolloth","PORTELIZABETHAWS",3,0,NA,NA,NA,980.44
"Port Nolloth","PORTELIZABETH-SHARKROCKPIER",0,0,0,0,0,983.94
"Port Nolloth","PORTELIZABETH-WK",20,13,0.7,2.15,0.69,979.35
"Port Nolloth","PORTNOLLOTH",3,0,NA,NA,NA,0.16
"Port Nolloth","RIVERSDAL",0,0,0,0,0,678.75
"Port Nolloth","SAASTRONOMICALOBSERVATORY",39,22,0.94,2.06,0.65,542.57
"Port Nolloth","SPRINGBOK-WK",7,0,NA,NA,NA,108.49
"Port Nolloth","SPRINGBOKWO",19,13,1.24,2.06,0.29,108.23
"Port Nolloth","STRAND",16,10,1.5,2.35,0.5,575.15
"Port Nolloth","TSITSIKAMMA",19,10,1.16,3.18,0.55,850.72
"Port Nolloth","TYGERHOEK",39,17,1.56,3.06,0.79,615.68
"Port Nolloth","UITENHAGE",19,8,1.71,3.97,0.6,951.34
"Port Nolloth","VIOOLSDRIF",10,0,NA,NA,NA,93.72
"Port Nolloth","VIOOLSDRIF-AWS",10,3,1.55,3.15,0.68,90.68
"Port Nolloth","WILLOWMORE",39,23,1.14,2.52,0.69,772.96
"Sea Point","BISHO",26,10,3.4,4.75,0.38,834.31
"Sea Point","CAPEPOINT",38,24,0.91,2.23,0.27,49.21
"Sea Point","CAPETOWND.F.MALAN-WK",19,10,0.86,1.66,0.5,21.08
"Sea Point","CAPETOWN-ROYALYACHTCLUB",11,4,1.07,3.91,0.52,5.81
"Sea Point","CAPETOWNSLANGKOP",16,10,1.22,2.61,0.31,25.99
"Sea Point","CAPETOWNWO",20,13,1.26,2.93,0.5,21.06
"Sea Point","CT-AWS",11,6,0.84,2.34,0.42,21.32
"Sea Point","DOHNE-AGR",11,4,1.07,3.91,0.52,858.77
"Sea Point","EASTLONDON-WK",19,7,1.85,3.01,0.39,881.97
"Sea Point","EASTLONDONWO",11,6,0.84,2.34,0.42,880.68
"Sea Point","GEORGEAWS",3,0,NA,NA,NA,369.3
"Sea Point","GEORGECLIMATEAWS",0,0,0,0,0,369.16
"Sea Point","GEORGEWITFONTEIN",5,0,NA,NA,NA,373.36
"Sea Point","HERMANUS",19,11,1.21,3.29,0.53,96.27
"Sea Point","JONKERSHOEK",0,0,0,0,0,50.79
"Sea Point","JOUBERTINAAWS",15,7,1.5,3.38,0.59,505.83
"Sea Point","JOUBERTINASCHOOLAWS",0,0,0,0,0,506.04
"Sea Point","KIRSTENBOSCH",38,23,0.84,2.12,0.32,8.57
"Sea Point","KNYSNA",16,10,0.9,3.08,0.31,433.68
"Sea Point","MAKATINIRESEARCHCENTRE",31,12,2.11,3.5,1.17,1504.05
"Sea Point","MBAZWANAAIRFIELD",15,4,3,4.98,1.08,1534.53
"Sea Point","MOLTENORESERVOIR",11,6,0.7,2.28,0.2,3.46
"Sea Point","MOSSELBAY",4,0,NA,NA,NA,346.91
"Sea Point","PAARL",19,11,1.21,2.96,0.53,58.96
"Sea Point","PLETTENBERGBAAI",19,9,1.82,4.53,0.33,456.26
"Sea Point","PORTELIZABETHAWOS",20,10,2.32,3.28,0.68,667.36
"Sea Point","PORTELIZABETHAWS",3,0,NA,NA,NA,667.13
"Sea Point","PORTELIZABETH-SHARKROCKPIER",0,0,0,0,0,671.37
"Sea Point","PORTELIZABETH-WK",19,9,1,2.04,0.49,665.85
"Sea Point","PORTNOLLOTH",3,0,NA,NA,NA,538.68
"Sea Point","RIVERSDAL",0,0,0,0,0,265.24
"Sea Point","SAASTRONOMICALOBSERVATORY",38,21,1.18,2.3,0.53,9.12
"Sea Point","SPRINGBOK-WK",7,0,NA,NA,NA,475.24
"Sea Point","SPRINGBOKWO",19,13,1.38,2.59,0.26,475.01
"Sea Point","STRAND",16,9,1.27,2.79,0.43,49.71
"Sea Point","TSITSIKAMMA",19,11,1.29,4,0.49,508.97
"Sea Point","TYGERHOEK",38,15,1.97,3.49,0.65,142.65
"Sea Point","UITENHAGE",19,8,1.9,4.99,0.54,652.05
"Sea Point","VIOOLSDRIF",10,0,NA,NA,NA,585.14
"Sea Point","VIOOLSDRIF-AWS",10,3,1.27,3.3,0.5,577.2
"Sea Point","WILLOWMORE",38,21,1.4,2.82,0.55,477.59
"Sodwana","BISHO",17,3,3.67,3.59,0.15,802.48
"Sodwana","CAPEPOINT",17,8,0.75,1.59,0.1,1560.07
"Sodwana","CAPETOWND.F.MALAN-WK",0,0,0,0,0,1532.79
"Sodwana","CAPETOWN-ROYALYACHTCLUB",10,3,0.47,1.3,0.12,1543.68
"Sodwana","CAPETOWNSLANGKOP",15,7,1.45,1.75,0.12,1564.51
"Sodwana","CAPETOWNWO",17,8,1.06,1.78,0.16,1532.23
"Sodwana","CT-AWS",10,2,0.39,0.85,0.1,1533.15
"Sodwana","DOHNE-AGR",10,3,0.47,1.3,0.12,761.05
"Sodwana","EASTLONDON-WK",0,0,0,0,0,781.36
"Sodwana","EASTLONDONWO",10,2,0.39,0.85,0.1,782.33
"Sodwana","GEORGEAWS",2,0,NA,NA,NA,1229.28
"Sodwana","GEORGECLIMATEAWS",0,0,0,0,0,1229.78
"Sodwana","GEORGEWITFONTEIN",4,0,NA,NA,NA,1221.83
"Sodwana","HERMANUS",17,7,1.06,1.97,0.19,1503.82
"Sodwana","JONKERSHOEK",0,0,0,0,0,1505.05
"Sodwana","JOUBERTINAAWS",14,5,1.81,2.14,0.19,1107.44
"Sodwana","JOUBERTINASCHOOLAWS",0,0,0,0,0,1107.05
"Sodwana","KIRSTENBOSCH",17,8,0.66,1.55,0.11,1547.42
"Sodwana","KNYSNA",15,7,1.03,1.9,0.11,1179.52
"Sodwana","MAKATINIRESEARCHCENTRE",17,5,2.06,2.07,0.42,54.67
"Sodwana","MBAZWANAAIRFIELD",14,4,4.83,3.81,0.39,14.48
"Sodwana","MOLTENORESERVOIR",10,2,0.32,0.82,0.05,1547.16
"Sodwana","MOSSELBAY",3,0,NA,NA,NA,1260.13
"Sodwana","PAARL",17,8,1.06,1.9,0.18,1490.05
"Sodwana","PLETTENBERGBAAI",17,6,1.65,2.77,0.11,1164.12
"Sodwana","PORTELIZABETHAWOS",17,7,1.94,2,0.22,997.24
"Sodwana","PORTELIZABETHAWS",2,0,NA,NA,NA,997.11
"Sodwana","PORTELIZABETH-SHARKROCKPIER",0,0,0,0,0,993.88
"Sodwana","PORTELIZABETH-WK",0,0,0,0,0,998.04
"Sodwana","PORTNOLLOTH",2,0,NA,NA,NA,1564.45
"Sodwana","RIVERSDAL",0,0,0,0,0,1322.41
"Sodwana","SAASTRONOMICALOBSERVATORY",17,8,0.72,1.36,0.13,1541.36
"Sodwana","SPRINGBOK-WK",0,0,0,0,0,1470.53
"Sodwana","SPRINGBOKWO",17,9,1.18,1.55,0.09,1470.96
"Sodwana","STRAND",15,6,1.6,1.84,0.15,1520.07
"Sodwana","TSITSIKAMMA",17,6,1.1,2.42,0.16,1117.91
"Sodwana","TYGERHOEK",17,8,1.18,1.8,0.17,1433.93
"Sodwana","UITENHAGE",17,4,1.57,2.8,0.17,988.15
"Sodwana","VIOOLSDRIF",9,0,NA,NA,NA,1490.42
"Sodwana","VIOOLSDRIF-AWS",9,2,0.7,1.54,0.15,1488.41
"Sodwana","WILLOWMORE",17,7,1.32,1.86,0.21,1101.22
"Storms River Mouth","BISHO",16,4,3.22,5.31,0.41,338.18
"Storms River Mouth","CAPEPOINT",16,11,0.66,2.44,0.27,498.99
"Storms River Mouth","CAPETOWND.F.MALAN-WK",0,0,0,0,0,488.58
"Storms River Mouth","CAPETOWN-ROYALYACHTCLUB",8,5,1.54,3.7,0.7,503.29
"Storms River Mouth","CAPETOWNSLANGKOP",13,9,1.5,3.32,0.36,514.09
"Storms River Mouth","CAPETOWNWO",16,11,0.91,2.63,0.43,488.4
"Storms River Mouth","CT-AWS",8,6,1.54,2.57,0.57,488.55
"Storms River Mouth","DOHNE-AGR",8,5,1.54,3.7,0.7,370.63
"Storms River Mouth","EASTLONDON-WK",0,0,0,0,0,380.7
"Storms River Mouth","EASTLONDONWO",8,6,1.54,2.57,0.57,379.42
"Storms River Mouth","GEORGEAWS",0,0,0,0,0,139.81
"Storms River Mouth","GEORGECLIMATEAWS",0,0,0,0,0,139.95
"Storms River Mouth","GEORGEWITFONTEIN",2,0,NA,NA,NA,136.16
"Storms River Mouth","HERMANUS",16,11,0.97,3.14,0.48,432.35
"Storms River Mouth","JONKERSHOEK",0,0,0,0,0,458.39
"Storms River Mouth","JOUBERTINAAWS",12,8,2.45,4.65,0.75,21.66
"Storms River Mouth","JOUBERTINASCHOOLAWS",0,0,0,0,0,22.02
"Storms River Mouth","KIRSTENBOSCH",16,12,0.64,2.42,0.32,503.96
"Storms River Mouth","KNYSNA",13,11,0.96,3.55,0.33,75.49
"Storms River Mouth","MAKATINIRESEARCHCENTRE",16,8,2.42,4.23,1.16,1080.4
"Storms River Mouth","MBAZWANAAIRFIELD",12,5,4.5,6.81,1.28,1103.77
"Storms River Mouth","MOLTENORESERVOIR",8,6,1,2.55,0.33,506.16
"Storms River Mouth","MOSSELBAY",1,0,NA,NA,NA,163.88
"Storms River Mouth","PAARL",16,9,1.12,3.25,0.52,456.14
"Storms River Mouth","PLETTENBERGBAAI",16,9,1.38,4.1,0.29,53.45
"Storms River Mouth","PORTELIZABETHAWOS",16,10,1.93,3.31,0.64,158.26
"Storms River Mouth","PORTELIZABETHAWS",0,0,0,0,0,158.04
"Storms River Mouth","PORTELIZABETH-SHARKROCKPIER",0,0,0,0,0,162.29
"Storms River Mouth","PORTELIZABETH-WK",0,0,0,0,0,156.76
"Storms River Mouth","PORTNOLLOTH",0,0,0,0,0,850.78
"Storms River Mouth","RIVERSDAL",0,0,0,0,0,244.19
"Storms River Mouth","SAASTRONOMICALOBSERVATORY",16,11,0.72,2.19,0.37,500.04
"Storms River Mouth","SPRINGBOK-WK",1,0,NA,NA,NA,746.26
"Storms River Mouth","SPRINGBOKWO",16,10,1.16,2.35,0.24,746.38
"Storms River Mouth","STRAND",13,10,1.42,3.13,0.45,465.35
"Storms River Mouth","TSITSIKAMMA",16,9,1.12,3.95,0.47,0.35
"Storms River Mouth","TYGERHOEK",16,9,1.12,2.82,0.48,368.34
"Storms River Mouth","UITENHAGE",16,5,1.71,5.07,0.59,145.77
"Storms River Mouth","VIOOLSDRIF",10,0,NA,NA,NA,840.91
"Storms River Mouth","VIOOLSDRIF-AWS",7,4,3.8,4.44,0.94,833.76
"Storms River Mouth","WILLOWMORE",16,9,1.21,3.04,0.55,88.81
"Tsitsikamma East","BISHO",19,3,3.27,5.05,0.34,337.71
"Tsitsikamma East","CAPEPOINT",19,9,0.75,2.54,0.25,499.8
"Tsitsikamma East","CAPETOWND.F.MALAN-WK",2,0,4,3.94,2.71,489.49
"Tsitsikamma East","CAPETOWN-ROYALYACHTCLUB",9,5,1.46,3.33,0.61,504.21
"Tsitsikamma East","CAPETOWNSLANGKOP",14,7,1.14,2.97,0.3,514.95
"Tsitsikamma East","CAPETOWNWO",18,9,1.06,2.89,0.41,489.31
"Tsitsikamma East","CT-AWS",9,5,1.19,2.04,0.47,489.45
"Tsitsikamma East","DOHNE-AGR",9,5,1.46,3.33,0.61,370.28
"Tsitsikamma East","EASTLONDON-WK",2,0,4,4.5,0.71,380.12
"Tsitsikamma East","EASTLONDONWO",9,5,1.19,2.04,0.47,378.84
"Tsitsikamma East","GEORGEAWS",1,0,NA,NA,NA,140.75
"Tsitsikamma East","GEORGECLIMATEAWS",0,0,0,0,0,140.87
"Tsitsikamma East","GEORGEWITFONTEIN",3,0,NA,NA,NA,137.15
"Tsitsikamma East","HERMANUS",17,9,0.88,3.08,0.42,433.13
"Tsitsikamma East","JONKERSHOEK",0,0,0,0,0,459.3
"Tsitsikamma East","JOUBERTINAAWS",13,6,1.85,4.11,0.57,22.92
"Tsitsikamma East","JOUBERTINASCHOOLAWS",0,0,0,0,0,23.28
"Tsitsikamma East","KIRSTENBOSCH",19,10,0.69,2.48,0.29,504.86
"Tsitsikamma East","KNYSNA",14,9,0.8,3.17,0.27,76.37
"Tsitsikamma East","MAKATINIRESEARCHCENTRE",19,8,2.25,3.82,0.96,1080.43
"Tsitsikamma East","MBAZWANAAIRFIELD",13,4,4,6.67,1.08,1103.75
"Tsitsikamma East","MOLTENORESERVOIR",9,5,0.9,2,0.27,507.07
"Tsitsikamma East","MOSSELBAY",2,0,NA,NA,NA,164.67
"Tsitsikamma East","PAARL",17,7,1,3.18,0.45,457.11
"Tsitsikamma East","PLETTENBERGBAAI",17,7,1.33,4.34,0.26,54.21
"Tsitsikamma East","PORTELIZABETHAWOS",18,8,2.12,3.63,0.58,157.36
"Tsitsikamma East","PORTELIZABETHAWS",1,0,NA,NA,NA,157.14
"Tsitsikamma East","PORTELIZABETH-SHARKROCKPIER",0,0,0,0,0,161.39
"Tsitsikamma East","PORTELIZABETH-WK",2,1,2.67,1.97,0.17,155.87
"Tsitsikamma East","PORTNOLLOTH",1,0,NA,NA,NA,852.18
"Tsitsikamma East","RIVERSDAL",0,0,0,0,0,245.07
"Tsitsikamma East","SAASTRONOMICALOBSERVATORY",19,9,0.84,2.07,0.33,500.96
"Tsitsikamma East","SPRINGBOK-WK",3,0,NA,NA,NA,747.67
"Tsitsikamma East","SPRINGBOKWO",17,8,1.12,2.48,0.22,747.8
"Tsitsikamma East","STRAND",14,8,1.26,3.07,0.38,466.21
"Tsitsikamma East","TSITSIKAMMA",17,7,0.97,3.84,0.4,1.31
"Tsitsikamma East","TYGERHOEK",19,7,1.29,3.12,0.46,369.2
"Tsitsikamma East","UITENHAGE",17,3,1.47,4.83,0.45,145.13
"Tsitsikamma East","VIOOLSDRIF",10,0,NA,NA,NA,842.34
"Tsitsikamma East","VIOOLSDRIF-AWS",8,4,3.8,4.61,0.9,835.2
"Tsitsikamma East","WILLOWMORE",19,8,1.29,2.94,0.48,90.21
"Tsitsikamma West","BISHO",18,4,2.27,4.06,0.3,358.37
"Tsitsikamma West","CAPEPOINT",18,10,0.52,2.06,0.25,476.55
"Tsitsikamma West","CAPETOWND.F.MALAN-WK",3,0,1,3.48,0.34,465.62
"Tsitsikamma West","CAPETOWN-ROYALYACHTCLUB",7,4,1,2.51,0.76,480.28
"Tsitsikamma West","CAPETOWNSLANGKOP",12,7,1.06,2.33,0.32,491.35
"Tsitsikamma West","CAPETOWNWO",16,9,0.86,2.57,0.44,465.43
"Tsitsikamma West","CT-AWS",7,5,1.09,1.68,0.52,465.6
"Tsitsikamma West","DOHNE-AGR",7,4,1,2.51,0.76,389.74
"Tsitsikamma West","EASTLONDON-WK",3,0,0.75,3.74,0.2,401.84
"Tsitsikamma West","EASTLONDONWO",7,5,1.09,1.68,0.52,400.56
"Tsitsikamma West","GEORGEAWS",0,0,0,0,0,116.81
"Tsitsikamma West","GEORGECLIMATEAWS",0,0,0,0,0,116.97
"Tsitsikamma West","GEORGEWITFONTEIN",1,0,NA,NA,NA,112.92
"Tsitsikamma West","HERMANUS",15,8,0.81,2.59,0.47,410.13
"Tsitsikamma West","JONKERSHOEK",0,0,0,0,0,435.41
"Tsitsikamma West","JOUBERTINAAWS",11,6,1.64,3.01,0.59,25.6
"Tsitsikamma West","JOUBERTINASCHOOLAWS",0,0,0,0,0,26
"Tsitsikamma West","KIRSTENBOSCH",18,10,0.52,1.96,0.29,481.02
"Tsitsikamma West","KNYSNA",12,8,0.64,2.3,0.26,52.96
"Tsitsikamma West","MAKATINIRESEARCHCENTRE",18,9,1.92,3.54,1.01,1095.13
"Tsitsikamma West","MBAZWANAAIRFIELD",11,5,3,4.41,1.01,1119.08
"Tsitsikamma West","MOLTENORESERVOIR",7,5,0.63,1.63,0.28,483.17
"Tsitsikamma West","MOSSELBAY",0,0,0,0,0,141.74
"Tsitsikamma West","PAARL",15,7,0.92,2.58,0.5,432.91
"Tsitsikamma West","PLETTENBERGBAAI",15,6,1.05,3.01,0.27,32.26
"Tsitsikamma West","PORTELIZABETHAWOS",16,8,1.67,3.03,0.64,181.31
"Tsitsikamma West","PORTELIZABETHAWS",0,0,0,0,0,181.07
"Tsitsikamma West","PORTELIZABETH-SHARKROCKPIER",0,0,0,0,0,185.31
"Tsitsikamma West","PORTELIZABETH-WK",3,1,0.6,2.21,0.13,179.8
"Tsitsikamma West","PORTNOLLOTH",0,0,0,0,0,829.71
"Tsitsikamma West","RIVERSDAL",0,0,0,0,0,221.42
"Tsitsikamma West","SAASTRONOMICALOBSERVATORY",18,9,0.61,1.78,0.41,477.05
"Tsitsikamma West","SPRINGBOK-WK",4,0,NA,NA,NA,725.61
"Tsitsikamma West","SPRINGBOKWO",15,8,0.92,1.89,0.22,725.72
"Tsitsikamma West","STRAND",12,8,1.12,2.2,0.37,442.6
"Tsitsikamma West","TSITSIKAMMA",15,7,1.05,3.22,0.49,23.41
"Tsitsikamma West","TYGERHOEK",18,6,1.09,2.76,0.55,345.64
"Tsitsikamma West","UITENHAGE",15,3,1.38,4.2,0.59,167.49
"Tsitsikamma West","VIOOLSDRIF",10,0,NA,NA,NA,821.13
"Tsitsikamma West","VIOOLSDRIF-AWS",6,3,2.4,2.91,0.81,813.93
"Tsitsikamma West","WILLOWMORE",18,8,0.86,2.39,0.46,77.13
"Ystervarkpunt","BISHO",13,4,3.67,5.32,0.24,539.95
"Ystervarkpunt","CAPEPOINT",13,8,0.56,2.05,0.16,298.35
"Ystervarkpunt","CAPETOWND.F.MALAN-WK",0,0,0,0,0,292.72
"Ystervarkpunt","CAPETOWN-ROYALYACHTCLUB",7,5,1.58,4.09,0.66,307.99
"Ystervarkpunt","CAPETOWNSLANGKOP",12,7,1.29,2.59,0.21,315.55
"Ystervarkpunt","CAPETOWNWO",13,8,0.85,2.09,0.23,292.68
"Ystervarkpunt","CT-AWS",7,6,1.73,2.75,0.45,292.57
"Ystervarkpunt","DOHNE-AGR",7,5,1.58,4.09,0.66,570.3
"Ystervarkpunt","EASTLONDON-WK",0,0,0,0,0,583.58
"Ystervarkpunt","EASTLONDONWO",7,6,1.73,2.75,0.45,582.3
"Ystervarkpunt","GEORGEAWS",0,0,0,0,0,73.89
"Ystervarkpunt","GEORGECLIMATEAWS",0,0,0,0,0,73.36
"Ystervarkpunt","GEORGEWITFONTEIN",1,0,NA,NA,NA,81.63
"Ystervarkpunt","HERMANUS",13,8,0.88,2.63,0.29,230.87
"Ystervarkpunt","JONKERSHOEK",0,0,0,0,0,263.15
"Ystervarkpunt","JOUBERTINAAWS",11,8,2,3.35,0.4,205.13
"Ystervarkpunt","JOUBERTINASCHOOLAWS",0,0,0,0,0,205.44
"Ystervarkpunt","KIRSTENBOSCH",13,9,0.52,1.9,0.17,307.69
"Ystervarkpunt","KNYSNA",12,9,0.79,2.56,0.17,129.36
"Ystervarkpunt","MAKATINIRESEARCHCENTRE",13,6,2,3.21,0.61,1263.04
"Ystervarkpunt","MBAZWANAAIRFIELD",11,4,3.67,4.9,0.67,1288.96
"Ystervarkpunt","MOLTENORESERVOIR",7,6,1,2.66,0.25,310.55
"Ystervarkpunt","MOSSELBAY",0,0,0,0,0,42.94
"Ystervarkpunt","PAARL",13,7,0.92,2.41,0.27,265.89
"Ystervarkpunt","PLETTENBERGBAAI",13,6,1.16,3.1,0.15,149.8
"Ystervarkpunt","PORTELIZABETHAWOS",13,8,1.57,2.46,0.33,359.46
"Ystervarkpunt","PORTELIZABETHAWS",0,0,0,0,0,359.28
"Ystervarkpunt","PORTELIZABETH-SHARKROCKPIER",0,0,0,0,0,363.53
"Ystervarkpunt","PORTELIZABETH-WK",0,0,0,0,0,358.02
"Ystervarkpunt","PORTNOLLOTH",0,0,0,0,0,734.49
"Ystervarkpunt","RIVERSDAL",0,0,0,0,0,57
"Ystervarkpunt","SAASTRONOMICALOBSERVATORY",13,8,0.59,1.73,0.23,304.59
"Ystervarkpunt","SPRINGBOK-WK",0,0,0,0,0,639.52
"Ystervarkpunt","SPRINGBOKWO",13,7,1.05,2.11,0.14,639.52
"Ystervarkpunt","STRAND",12,8,1.38,2.45,0.24,267.22
"Ystervarkpunt","TSITSIKAMMA",13,7,1.1,3.34,0.27,202.87
"Ystervarkpunt","TYGERHOEK",13,7,0.96,2.07,0.27,171.06
"Ystervarkpunt","UITENHAGE",13,5,1.38,3.94,0.32,348.83
"Ystervarkpunt","VIOOLSDRIF",8,0,NA,NA,NA,745.2
"Ystervarkpunt","VIOOLSDRIF-AWS",6,4,3.6,4.16,0.64,737.41
"Ystervarkpunt","WILLOWMORE",13,6,1.22,2.69,0.35,202.2
