"facet","lag","quantile","direction","SACTN","SAWS","cooccurrence","proportion"
"Eastern Beach - East London",2,0,"b",18,25,0,0
"Eastern Beach - East London",2,0,"x",18,25,0,0
"Eastern Beach - East London",2,0,"a",18,25,0,0
"Eastern Beach - East London",2,0.25,"b",13,19,0,0
"Eastern Beach - East London",2,0.25,"x",13,19,0,0
"Eastern Beach - East London",2,0.25,"a",13,19,0,0
"Eastern Beach - East London",2,0.5,"b",9,13,0,0
"Eastern Beach - East London",2,0.5,"x",9,13,0,0
"Eastern Beach - East London",2,0.5,"a",9,13,0,0
"Eastern Beach - East London",2,0.75,"b",5,7,0,0
"Eastern Beach - East London",2,0.75,"x",5,7,0,0
"Eastern Beach - East London",2,0.75,"a",5,7,0,0
"Eastern Beach - East London",2,1,"b",1,1,0,0
"Eastern Beach - East London",2,1,"x",1,1,0,0
"Eastern Beach - East London",2,1,"a",1,1,0,0
"Eastern Beach - East London",6,0,"b",18,25,1,0.0555555555555556
"Eastern Beach - East London",6,0,"x",18,25,3,0.166666666666667
"Eastern Beach - East London",6,0,"a",18,25,2,0.111111111111111
"Eastern Beach - East London",6,0.25,"b",13,19,1,0.0769230769230769
"Eastern Beach - East London",6,0.25,"x",13,19,2,0.153846153846154
"Eastern Beach - East London",6,0.25,"a",13,19,1,0.0769230769230769
"Eastern Beach - East London",6,0.5,"b",9,13,0,0
"Eastern Beach - East London",6,0.5,"x",9,13,1,0.111111111111111
"Eastern Beach - East London",6,0.5,"a",9,13,1,0.111111111111111
"Eastern Beach - East London",6,0.75,"b",5,7,0,0
"Eastern Beach - East London",6,0.75,"x",5,7,0,0
"Eastern Beach - East London",6,0.75,"a",5,7,0,0
"Eastern Beach - East London",6,1,"b",1,1,0,0
"Eastern Beach - East London",6,1,"x",1,1,0,0
"Eastern Beach - East London",6,1,"a",1,1,0,0
"Eastern Beach - East London",10,0,"b",18,25,1,0.0555555555555556
"Eastern Beach - East London",10,0,"x",18,25,3,0.166666666666667
"Eastern Beach - East London",10,0,"a",18,25,2,0.111111111111111
"Eastern Beach - East London",10,0.25,"b",13,19,1,0.0769230769230769
"Eastern Beach - East London",10,0.25,"x",13,19,2,0.153846153846154
"Eastern Beach - East London",10,0.25,"a",13,19,1,0.0769230769230769
"Eastern Beach - East London",10,0.5,"b",9,13,0,0
"Eastern Beach - East London",10,0.5,"x",9,13,1,0.111111111111111
"Eastern Beach - East London",10,0.5,"a",9,13,1,0.111111111111111
"Eastern Beach - East London",10,0.75,"b",5,7,0,0
"Eastern Beach - East London",10,0.75,"x",5,7,0,0
"Eastern Beach - East London",10,0.75,"a",5,7,0,0
"Eastern Beach - East London",10,1,"b",1,1,0,0
"Eastern Beach - East London",10,1,"x",1,1,0,0
"Eastern Beach - East London",10,1,"a",1,1,0,0
"Eastern Beach - East London",14,0,"b",18,25,1,0.0555555555555556
"Eastern Beach - East London",14,0,"x",18,25,3,0.166666666666667
"Eastern Beach - East London",14,0,"a",18,25,2,0.111111111111111
"Eastern Beach - East London",14,0.25,"b",13,19,1,0.0769230769230769
"Eastern Beach - East London",14,0.25,"x",13,19,2,0.153846153846154
"Eastern Beach - East London",14,0.25,"a",13,19,1,0.0769230769230769
"Eastern Beach - East London",14,0.5,"b",9,13,0,0
"Eastern Beach - East London",14,0.5,"x",9,13,1,0.111111111111111
"Eastern Beach - East London",14,0.5,"a",9,13,1,0.111111111111111
"Eastern Beach - East London",14,0.75,"b",5,7,0,0
"Eastern Beach - East London",14,0.75,"x",5,7,0,0
"Eastern Beach - East London",14,0.75,"a",5,7,0,0
"Eastern Beach - East London",14,1,"b",1,1,0,0
"Eastern Beach - East London",14,1,"x",1,1,0,0
"Eastern Beach - East London",14,1,"a",1,1,0,0
"Fish Hoek - Cape Town DF Malan",2,0,"b",41,68,1,0.024390243902439
"Fish Hoek - Cape Town DF Malan",2,0,"x",41,68,3,0.0731707317073171
"Fish Hoek - Cape Town DF Malan",2,0,"a",41,68,3,0.0731707317073171
"Fish Hoek - Cape Town DF Malan",2,0.25,"b",31,51,0,0
"Fish Hoek - Cape Town DF Malan",2,0.25,"x",31,51,1,0.032258064516129
"Fish Hoek - Cape Town DF Malan",2,0.25,"a",31,51,1,0.032258064516129
"Fish Hoek - Cape Town DF Malan",2,0.5,"b",21,34,0,0
"Fish Hoek - Cape Town DF Malan",2,0.5,"x",21,34,0,0
"Fish Hoek - Cape Town DF Malan",2,0.5,"a",21,34,0,0
"Fish Hoek - Cape Town DF Malan",2,0.75,"b",11,17,0,0
"Fish Hoek - Cape Town DF Malan",2,0.75,"x",11,17,0,0
"Fish Hoek - Cape Town DF Malan",2,0.75,"a",11,17,0,0
"Fish Hoek - Cape Town DF Malan",2,1,"b",1,1,0,0
"Fish Hoek - Cape Town DF Malan",2,1,"x",1,1,0,0
"Fish Hoek - Cape Town DF Malan",2,1,"a",1,1,0,0
"Fish Hoek - Cape Town DF Malan",6,0,"b",41,68,1,0.024390243902439
"Fish Hoek - Cape Town DF Malan",6,0,"x",41,68,5,0.121951219512195
"Fish Hoek - Cape Town DF Malan",6,0,"a",41,68,5,0.121951219512195
"Fish Hoek - Cape Town DF Malan",6,0.25,"b",31,51,0,0
"Fish Hoek - Cape Town DF Malan",6,0.25,"x",31,51,2,0.0645161290322581
"Fish Hoek - Cape Town DF Malan",6,0.25,"a",31,51,2,0.0645161290322581
"Fish Hoek - Cape Town DF Malan",6,0.5,"b",21,34,0,0
"Fish Hoek - Cape Town DF Malan",6,0.5,"x",21,34,1,0.0476190476190476
"Fish Hoek - Cape Town DF Malan",6,0.5,"a",21,34,1,0.0476190476190476
"Fish Hoek - Cape Town DF Malan",6,0.75,"b",11,17,0,0
"Fish Hoek - Cape Town DF Malan",6,0.75,"x",11,17,1,0.0909090909090909
"Fish Hoek - Cape Town DF Malan",6,0.75,"a",11,17,1,0.0909090909090909
"Fish Hoek - Cape Town DF Malan",6,1,"b",1,1,0,0
"Fish Hoek - Cape Town DF Malan",6,1,"x",1,1,0,0
"Fish Hoek - Cape Town DF Malan",6,1,"a",1,1,0,0
"Fish Hoek - Cape Town DF Malan",10,0,"b",41,68,1,0.024390243902439
"Fish Hoek - Cape Town DF Malan",10,0,"x",41,68,7,0.170731707317073
"Fish Hoek - Cape Town DF Malan",10,0,"a",41,68,7,0.170731707317073
"Fish Hoek - Cape Town DF Malan",10,0.25,"b",31,51,0,0
"Fish Hoek - Cape Town DF Malan",10,0.25,"x",31,51,2,0.0645161290322581
"Fish Hoek - Cape Town DF Malan",10,0.25,"a",31,51,2,0.0645161290322581
"Fish Hoek - Cape Town DF Malan",10,0.5,"b",21,34,0,0
"Fish Hoek - Cape Town DF Malan",10,0.5,"x",21,34,1,0.0476190476190476
"Fish Hoek - Cape Town DF Malan",10,0.5,"a",21,34,1,0.0476190476190476
"Fish Hoek - Cape Town DF Malan",10,0.75,"b",11,17,0,0
"Fish Hoek - Cape Town DF Malan",10,0.75,"x",11,17,1,0.0909090909090909
"Fish Hoek - Cape Town DF Malan",10,0.75,"a",11,17,1,0.0909090909090909
"Fish Hoek - Cape Town DF Malan",10,1,"b",1,1,0,0
"Fish Hoek - Cape Town DF Malan",10,1,"x",1,1,0,0
"Fish Hoek - Cape Town DF Malan",10,1,"a",1,1,0,0
"Fish Hoek - Cape Town DF Malan",14,0,"b",41,68,3,0.0731707317073171
"Fish Hoek - Cape Town DF Malan",14,0,"x",41,68,13,0.317073170731707
"Fish Hoek - Cape Town DF Malan",14,0,"a",41,68,11,0.268292682926829
"Fish Hoek - Cape Town DF Malan",14,0.25,"b",31,51,1,0.032258064516129
"Fish Hoek - Cape Town DF Malan",14,0.25,"x",31,51,6,0.193548387096774
"Fish Hoek - Cape Town DF Malan",14,0.25,"a",31,51,5,0.161290322580645
"Fish Hoek - Cape Town DF Malan",14,0.5,"b",21,34,1,0.0476190476190476
"Fish Hoek - Cape Town DF Malan",14,0.5,"x",21,34,3,0.142857142857143
"Fish Hoek - Cape Town DF Malan",14,0.5,"a",21,34,2,0.0952380952380952
"Fish Hoek - Cape Town DF Malan",14,0.75,"b",11,17,0,0
"Fish Hoek - Cape Town DF Malan",14,0.75,"x",11,17,2,0.181818181818182
"Fish Hoek - Cape Town DF Malan",14,0.75,"a",11,17,2,0.181818181818182
"Fish Hoek - Cape Town DF Malan",14,1,"b",1,1,0,0
"Fish Hoek - Cape Town DF Malan",14,1,"x",1,1,0,0
"Fish Hoek - Cape Town DF Malan",14,1,"a",1,1,0,0
"Gordons Bay - Jonkershoek",2,0,"b",57,141,3,0.0526315789473684
"Gordons Bay - Jonkershoek",2,0,"x",57,141,4,0.0701754385964912
"Gordons Bay - Jonkershoek",2,0,"a",57,141,2,0.0350877192982456
"Gordons Bay - Jonkershoek",2,0.25,"b",43,106,1,0.0232558139534884
"Gordons Bay - Jonkershoek",2,0.25,"x",43,106,1,0.0232558139534884
"Gordons Bay - Jonkershoek",2,0.25,"a",43,106,1,0.0232558139534884
"Gordons Bay - Jonkershoek",2,0.5,"b",29,71,0,0
"Gordons Bay - Jonkershoek",2,0.5,"x",29,71,0,0
"Gordons Bay - Jonkershoek",2,0.5,"a",29,71,0,0
"Gordons Bay - Jonkershoek",2,0.75,"b",15,36,0,0
"Gordons Bay - Jonkershoek",2,0.75,"x",15,36,0,0
"Gordons Bay - Jonkershoek",2,0.75,"a",15,36,0,0
"Gordons Bay - Jonkershoek",2,1,"b",1,1,0,0
"Gordons Bay - Jonkershoek",2,1,"x",1,1,0,0
"Gordons Bay - Jonkershoek",2,1,"a",1,1,0,0
"Gordons Bay - Jonkershoek",6,0,"b",57,141,6,0.105263157894737
"Gordons Bay - Jonkershoek",6,0,"x",57,141,9,0.157894736842105
"Gordons Bay - Jonkershoek",6,0,"a",57,141,4,0.0701754385964912
"Gordons Bay - Jonkershoek",6,0.25,"b",43,106,3,0.0697674418604651
"Gordons Bay - Jonkershoek",6,0.25,"x",43,106,5,0.116279069767442
"Gordons Bay - Jonkershoek",6,0.25,"a",43,106,3,0.0697674418604651
"Gordons Bay - Jonkershoek",6,0.5,"b",29,71,1,0.0344827586206897
"Gordons Bay - Jonkershoek",6,0.5,"x",29,71,1,0.0344827586206897
"Gordons Bay - Jonkershoek",6,0.5,"a",29,71,0,0
"Gordons Bay - Jonkershoek",6,0.75,"b",15,36,0,0
"Gordons Bay - Jonkershoek",6,0.75,"x",15,36,0,0
"Gordons Bay - Jonkershoek",6,0.75,"a",15,36,0,0
"Gordons Bay - Jonkershoek",6,1,"b",1,1,0,0
"Gordons Bay - Jonkershoek",6,1,"x",1,1,0,0
"Gordons Bay - Jonkershoek",6,1,"a",1,1,0,0
"Gordons Bay - Jonkershoek",10,0,"b",57,141,7,0.12280701754386
"Gordons Bay - Jonkershoek",10,0,"x",57,141,11,0.192982456140351
"Gordons Bay - Jonkershoek",10,0,"a",57,141,5,0.087719298245614
"Gordons Bay - Jonkershoek",10,0.25,"b",43,106,4,0.0930232558139535
"Gordons Bay - Jonkershoek",10,0.25,"x",43,106,7,0.162790697674419
"Gordons Bay - Jonkershoek",10,0.25,"a",43,106,4,0.0930232558139535
"Gordons Bay - Jonkershoek",10,0.5,"b",29,71,2,0.0689655172413793
"Gordons Bay - Jonkershoek",10,0.5,"x",29,71,3,0.103448275862069
"Gordons Bay - Jonkershoek",10,0.5,"a",29,71,1,0.0344827586206897
"Gordons Bay - Jonkershoek",10,0.75,"b",15,36,0,0
"Gordons Bay - Jonkershoek",10,0.75,"x",15,36,0,0
"Gordons Bay - Jonkershoek",10,0.75,"a",15,36,0,0
"Gordons Bay - Jonkershoek",10,1,"b",1,1,0,0
"Gordons Bay - Jonkershoek",10,1,"x",1,1,0,0
"Gordons Bay - Jonkershoek",10,1,"a",1,1,0,0
"Gordons Bay - Jonkershoek",14,0,"b",57,141,8,0.140350877192982
"Gordons Bay - Jonkershoek",14,0,"x",57,141,13,0.228070175438596
"Gordons Bay - Jonkershoek",14,0,"a",57,141,6,0.105263157894737
"Gordons Bay - Jonkershoek",14,0.25,"b",43,106,5,0.116279069767442
"Gordons Bay - Jonkershoek",14,0.25,"x",43,106,8,0.186046511627907
"Gordons Bay - Jonkershoek",14,0.25,"a",43,106,4,0.0930232558139535
"Gordons Bay - Jonkershoek",14,0.5,"b",29,71,2,0.0689655172413793
"Gordons Bay - Jonkershoek",14,0.5,"x",29,71,3,0.103448275862069
"Gordons Bay - Jonkershoek",14,0.5,"a",29,71,1,0.0344827586206897
"Gordons Bay - Jonkershoek",14,0.75,"b",15,36,0,0
"Gordons Bay - Jonkershoek",14,0.75,"x",15,36,0,0
"Gordons Bay - Jonkershoek",14,0.75,"a",15,36,0,0
"Gordons Bay - Jonkershoek",14,1,"b",1,1,0,0
"Gordons Bay - Jonkershoek",14,1,"x",1,1,0,0
"Gordons Bay - Jonkershoek",14,1,"a",1,1,0,0
"Hamburg - East London",2,0,"b",31,27,0,0
"Hamburg - East London",2,0,"x",31,27,1,0.032258064516129
"Hamburg - East London",2,0,"a",31,27,1,0.032258064516129
"Hamburg - East London",2,0.25,"b",23,20,0,0
"Hamburg - East London",2,0.25,"x",23,20,1,0.0434782608695652
"Hamburg - East London",2,0.25,"a",23,20,1,0.0434782608695652
"Hamburg - East London",2,0.5,"b",16,14,0,0
"Hamburg - East London",2,0.5,"x",16,14,1,0.0625
"Hamburg - East London",2,0.5,"a",16,14,1,0.0625
"Hamburg - East London",2,0.75,"b",8,7,0,0
"Hamburg - East London",2,0.75,"x",8,7,0,0
"Hamburg - East London",2,0.75,"a",8,7,0,0
"Hamburg - East London",2,1,"b",1,1,0,0
"Hamburg - East London",2,1,"x",1,1,0,0
"Hamburg - East London",2,1,"a",1,1,0,0
"Hamburg - East London",6,0,"b",31,27,0,0
"Hamburg - East London",6,0,"x",31,27,3,0.0967741935483871
"Hamburg - East London",6,0,"a",31,27,3,0.0967741935483871
"Hamburg - East London",6,0.25,"b",23,20,0,0
"Hamburg - East London",6,0.25,"x",23,20,2,0.0869565217391304
"Hamburg - East London",6,0.25,"a",23,20,2,0.0869565217391304
"Hamburg - East London",6,0.5,"b",16,14,0,0
"Hamburg - East London",6,0.5,"x",16,14,1,0.0625
"Hamburg - East London",6,0.5,"a",16,14,1,0.0625
"Hamburg - East London",6,0.75,"b",8,7,0,0
"Hamburg - East London",6,0.75,"x",8,7,0,0
"Hamburg - East London",6,0.75,"a",8,7,0,0
"Hamburg - East London",6,1,"b",1,1,0,0
"Hamburg - East London",6,1,"x",1,1,0,0
"Hamburg - East London",6,1,"a",1,1,0,0
"Hamburg - East London",10,0,"b",31,27,1,0.032258064516129
"Hamburg - East London",10,0,"x",31,27,7,0.225806451612903
"Hamburg - East London",10,0,"a",31,27,6,0.193548387096774
"Hamburg - East London",10,0.25,"b",23,20,1,0.0434782608695652
"Hamburg - East London",10,0.25,"x",23,20,5,0.217391304347826
"Hamburg - East London",10,0.25,"a",23,20,4,0.173913043478261
"Hamburg - East London",10,0.5,"b",16,14,1,0.0625
"Hamburg - East London",10,0.5,"x",16,14,3,0.1875
"Hamburg - East London",10,0.5,"a",16,14,2,0.125
"Hamburg - East London",10,0.75,"b",8,7,0,0
"Hamburg - East London",10,0.75,"x",8,7,0,0
"Hamburg - East London",10,0.75,"a",8,7,0,0
"Hamburg - East London",10,1,"b",1,1,0,0
"Hamburg - East London",10,1,"x",1,1,0,0
"Hamburg - East London",10,1,"a",1,1,0,0
"Hamburg - East London",14,0,"b",31,27,2,0.0645161290322581
"Hamburg - East London",14,0,"x",31,27,9,0.290322580645161
"Hamburg - East London",14,0,"a",31,27,7,0.225806451612903
"Hamburg - East London",14,0.25,"b",23,20,2,0.0869565217391304
"Hamburg - East London",14,0.25,"x",23,20,6,0.260869565217391
"Hamburg - East London",14,0.25,"a",23,20,4,0.173913043478261
"Hamburg - East London",14,0.5,"b",16,14,2,0.125
"Hamburg - East London",14,0.5,"x",16,14,4,0.25
"Hamburg - East London",14,0.5,"a",16,14,2,0.125
"Hamburg - East London",14,0.75,"b",8,7,0,0
"Hamburg - East London",14,0.75,"x",8,7,0,0
"Hamburg - East London",14,0.75,"a",8,7,0,0
"Hamburg - East London",14,1,"b",1,1,0,0
"Hamburg - East London",14,1,"x",1,1,0,0
"Hamburg - East London",14,1,"a",1,1,0,0
"Hermanus - Jonkershoek",2,0,"b",30,60,1,0.0333333333333333
"Hermanus - Jonkershoek",2,0,"x",30,60,1,0.0333333333333333
"Hermanus - Jonkershoek",2,0,"a",30,60,0,0
"Hermanus - Jonkershoek",2,0.25,"b",22,45,0,0
"Hermanus - Jonkershoek",2,0.25,"x",22,45,0,0
"Hermanus - Jonkershoek",2,0.25,"a",22,45,0,0
"Hermanus - Jonkershoek",2,0.5,"b",15,30,0,0
"Hermanus - Jonkershoek",2,0.5,"x",15,30,0,0
"Hermanus - Jonkershoek",2,0.5,"a",15,30,0,0
"Hermanus - Jonkershoek",2,0.75,"b",8,15,0,0
"Hermanus - Jonkershoek",2,0.75,"x",8,15,0,0
"Hermanus - Jonkershoek",2,0.75,"a",8,15,0,0
"Hermanus - Jonkershoek",2,1,"b",1,1,0,0
"Hermanus - Jonkershoek",2,1,"x",1,1,0,0
"Hermanus - Jonkershoek",2,1,"a",1,1,0,0
"Hermanus - Jonkershoek",6,0,"b",30,60,2,0.0666666666666667
"Hermanus - Jonkershoek",6,0,"x",30,60,3,0.1
"Hermanus - Jonkershoek",6,0,"a",30,60,1,0.0333333333333333
"Hermanus - Jonkershoek",6,0.25,"b",22,45,0,0
"Hermanus - Jonkershoek",6,0.25,"x",22,45,1,0.0454545454545455
"Hermanus - Jonkershoek",6,0.25,"a",22,45,1,0.0454545454545455
"Hermanus - Jonkershoek",6,0.5,"b",15,30,0,0
"Hermanus - Jonkershoek",6,0.5,"x",15,30,1,0.0666666666666667
"Hermanus - Jonkershoek",6,0.5,"a",15,30,1,0.0666666666666667
"Hermanus - Jonkershoek",6,0.75,"b",8,15,0,0
"Hermanus - Jonkershoek",6,0.75,"x",8,15,0,0
"Hermanus - Jonkershoek",6,0.75,"a",8,15,0,0
"Hermanus - Jonkershoek",6,1,"b",1,1,0,0
"Hermanus - Jonkershoek",6,1,"x",1,1,0,0
"Hermanus - Jonkershoek",6,1,"a",1,1,0,0
"Hermanus - Jonkershoek",10,0,"b",30,60,3,0.1
"Hermanus - Jonkershoek",10,0,"x",30,60,5,0.166666666666667
"Hermanus - Jonkershoek",10,0,"a",30,60,2,0.0666666666666667
"Hermanus - Jonkershoek",10,0.25,"b",22,45,1,0.0454545454545455
"Hermanus - Jonkershoek",10,0.25,"x",22,45,3,0.136363636363636
"Hermanus - Jonkershoek",10,0.25,"a",22,45,2,0.0909090909090909
"Hermanus - Jonkershoek",10,0.5,"b",15,30,0,0
"Hermanus - Jonkershoek",10,0.5,"x",15,30,1,0.0666666666666667
"Hermanus - Jonkershoek",10,0.5,"a",15,30,1,0.0666666666666667
"Hermanus - Jonkershoek",10,0.75,"b",8,15,0,0
"Hermanus - Jonkershoek",10,0.75,"x",8,15,0,0
"Hermanus - Jonkershoek",10,0.75,"a",8,15,0,0
"Hermanus - Jonkershoek",10,1,"b",1,1,0,0
"Hermanus - Jonkershoek",10,1,"x",1,1,0,0
"Hermanus - Jonkershoek",10,1,"a",1,1,0,0
"Hermanus - Jonkershoek",14,0,"b",30,60,3,0.1
"Hermanus - Jonkershoek",14,0,"x",30,60,5,0.166666666666667
"Hermanus - Jonkershoek",14,0,"a",30,60,2,0.0666666666666667
"Hermanus - Jonkershoek",14,0.25,"b",22,45,1,0.0454545454545455
"Hermanus - Jonkershoek",14,0.25,"x",22,45,3,0.136363636363636
"Hermanus - Jonkershoek",14,0.25,"a",22,45,2,0.0909090909090909
"Hermanus - Jonkershoek",14,0.5,"b",15,30,0,0
"Hermanus - Jonkershoek",14,0.5,"x",15,30,1,0.0666666666666667
"Hermanus - Jonkershoek",14,0.5,"a",15,30,1,0.0666666666666667
"Hermanus - Jonkershoek",14,0.75,"b",8,15,0,0
"Hermanus - Jonkershoek",14,0.75,"x",8,15,0,0
"Hermanus - Jonkershoek",14,0.75,"a",8,15,0,0
"Hermanus - Jonkershoek",14,1,"b",1,1,0,0
"Hermanus - Jonkershoek",14,1,"x",1,1,0,0
"Hermanus - Jonkershoek",14,1,"a",1,1,0,0
"Hout Bay - Cape Town DF Malan",2,0,"b",31,57,0,0
"Hout Bay - Cape Town DF Malan",2,0,"x",31,57,1,0.032258064516129
"Hout Bay - Cape Town DF Malan",2,0,"a",31,57,1,0.032258064516129
"Hout Bay - Cape Town DF Malan",2,0.25,"b",23,43,0,0
"Hout Bay - Cape Town DF Malan",2,0.25,"x",23,43,0,0
"Hout Bay - Cape Town DF Malan",2,0.25,"a",23,43,0,0
"Hout Bay - Cape Town DF Malan",2,0.5,"b",16,29,0,0
"Hout Bay - Cape Town DF Malan",2,0.5,"x",16,29,0,0
"Hout Bay - Cape Town DF Malan",2,0.5,"a",16,29,0,0
"Hout Bay - Cape Town DF Malan",2,0.75,"b",8,15,0,0
"Hout Bay - Cape Town DF Malan",2,0.75,"x",8,15,0,0
"Hout Bay - Cape Town DF Malan",2,0.75,"a",8,15,0,0
"Hout Bay - Cape Town DF Malan",2,1,"b",1,1,0,0
"Hout Bay - Cape Town DF Malan",2,1,"x",1,1,0,0
"Hout Bay - Cape Town DF Malan",2,1,"a",1,1,0,0
"Hout Bay - Cape Town DF Malan",6,0,"b",31,57,1,0.032258064516129
"Hout Bay - Cape Town DF Malan",6,0,"x",31,57,3,0.0967741935483871
"Hout Bay - Cape Town DF Malan",6,0,"a",31,57,2,0.0645161290322581
"Hout Bay - Cape Town DF Malan",6,0.25,"b",23,43,1,0.0434782608695652
"Hout Bay - Cape Town DF Malan",6,0.25,"x",23,43,2,0.0869565217391304
"Hout Bay - Cape Town DF Malan",6,0.25,"a",23,43,1,0.0434782608695652
"Hout Bay - Cape Town DF Malan",6,0.5,"b",16,29,0,0
"Hout Bay - Cape Town DF Malan",6,0.5,"x",16,29,0,0
"Hout Bay - Cape Town DF Malan",6,0.5,"a",16,29,0,0
"Hout Bay - Cape Town DF Malan",6,0.75,"b",8,15,0,0
"Hout Bay - Cape Town DF Malan",6,0.75,"x",8,15,0,0
"Hout Bay - Cape Town DF Malan",6,0.75,"a",8,15,0,0
"Hout Bay - Cape Town DF Malan",6,1,"b",1,1,0,0
"Hout Bay - Cape Town DF Malan",6,1,"x",1,1,0,0
"Hout Bay - Cape Town DF Malan",6,1,"a",1,1,0,0
"Hout Bay - Cape Town DF Malan",10,0,"b",31,57,4,0.129032258064516
"Hout Bay - Cape Town DF Malan",10,0,"x",31,57,7,0.225806451612903
"Hout Bay - Cape Town DF Malan",10,0,"a",31,57,3,0.0967741935483871
"Hout Bay - Cape Town DF Malan",10,0.25,"b",23,43,4,0.173913043478261
"Hout Bay - Cape Town DF Malan",10,0.25,"x",23,43,5,0.217391304347826
"Hout Bay - Cape Town DF Malan",10,0.25,"a",23,43,1,0.0434782608695652
"Hout Bay - Cape Town DF Malan",10,0.5,"b",16,29,1,0.0625
"Hout Bay - Cape Town DF Malan",10,0.5,"x",16,29,1,0.0625
"Hout Bay - Cape Town DF Malan",10,0.5,"a",16,29,0,0
"Hout Bay - Cape Town DF Malan",10,0.75,"b",8,15,0,0
"Hout Bay - Cape Town DF Malan",10,0.75,"x",8,15,0,0
"Hout Bay - Cape Town DF Malan",10,0.75,"a",8,15,0,0
"Hout Bay - Cape Town DF Malan",10,1,"b",1,1,0,0
"Hout Bay - Cape Town DF Malan",10,1,"x",1,1,0,0
"Hout Bay - Cape Town DF Malan",10,1,"a",1,1,0,0
"Hout Bay - Cape Town DF Malan",14,0,"b",31,57,4,0.129032258064516
"Hout Bay - Cape Town DF Malan",14,0,"x",31,57,10,0.32258064516129
"Hout Bay - Cape Town DF Malan",14,0,"a",31,57,6,0.193548387096774
"Hout Bay - Cape Town DF Malan",14,0.25,"b",23,43,4,0.173913043478261
"Hout Bay - Cape Town DF Malan",14,0.25,"x",23,43,7,0.304347826086957
"Hout Bay - Cape Town DF Malan",14,0.25,"a",23,43,3,0.130434782608696
"Hout Bay - Cape Town DF Malan",14,0.5,"b",16,29,1,0.0625
"Hout Bay - Cape Town DF Malan",14,0.5,"x",16,29,3,0.1875
"Hout Bay - Cape Town DF Malan",14,0.5,"a",16,29,2,0.125
"Hout Bay - Cape Town DF Malan",14,0.75,"b",8,15,0,0
"Hout Bay - Cape Town DF Malan",14,0.75,"x",8,15,0,0
"Hout Bay - Cape Town DF Malan",14,0.75,"a",8,15,0,0
"Hout Bay - Cape Town DF Malan",14,1,"b",1,1,0,0
"Hout Bay - Cape Town DF Malan",14,1,"x",1,1,0,0
"Hout Bay - Cape Town DF Malan",14,1,"a",1,1,0,0
"Humewood - Port Elizabeth",2,0,"b",37,35,2,0.0540540540540541
"Humewood - Port Elizabeth",2,0,"x",37,35,5,0.135135135135135
"Humewood - Port Elizabeth",2,0,"a",37,35,4,0.108108108108108
"Humewood - Port Elizabeth",2,0.25,"b",28,26,2,0.0714285714285714
"Humewood - Port Elizabeth",2,0.25,"x",28,26,3,0.107142857142857
"Humewood - Port Elizabeth",2,0.25,"a",28,26,2,0.0714285714285714
"Humewood - Port Elizabeth",2,0.5,"b",19,18,2,0.105263157894737
"Humewood - Port Elizabeth",2,0.5,"x",19,18,2,0.105263157894737
"Humewood - Port Elizabeth",2,0.5,"a",19,18,1,0.0526315789473684
"Humewood - Port Elizabeth",2,0.75,"b",10,9,1,0.1
"Humewood - Port Elizabeth",2,0.75,"x",10,9,1,0.1
"Humewood - Port Elizabeth",2,0.75,"a",10,9,0,0
"Humewood - Port Elizabeth",2,1,"b",1,1,0,0
"Humewood - Port Elizabeth",2,1,"x",1,1,0,0
"Humewood - Port Elizabeth",2,1,"a",1,1,0,0
"Humewood - Port Elizabeth",6,0,"b",37,35,2,0.0540540540540541
"Humewood - Port Elizabeth",6,0,"x",37,35,6,0.162162162162162
"Humewood - Port Elizabeth",6,0,"a",37,35,5,0.135135135135135
"Humewood - Port Elizabeth",6,0.25,"b",28,26,2,0.0714285714285714
"Humewood - Port Elizabeth",6,0.25,"x",28,26,4,0.142857142857143
"Humewood - Port Elizabeth",6,0.25,"a",28,26,3,0.107142857142857
"Humewood - Port Elizabeth",6,0.5,"b",19,18,2,0.105263157894737
"Humewood - Port Elizabeth",6,0.5,"x",19,18,2,0.105263157894737
"Humewood - Port Elizabeth",6,0.5,"a",19,18,1,0.0526315789473684
"Humewood - Port Elizabeth",6,0.75,"b",10,9,1,0.1
"Humewood - Port Elizabeth",6,0.75,"x",10,9,1,0.1
"Humewood - Port Elizabeth",6,0.75,"a",10,9,0,0
"Humewood - Port Elizabeth",6,1,"b",1,1,0,0
"Humewood - Port Elizabeth",6,1,"x",1,1,0,0
"Humewood - Port Elizabeth",6,1,"a",1,1,0,0
"Humewood - Port Elizabeth",10,0,"b",37,35,5,0.135135135135135
"Humewood - Port Elizabeth",10,0,"x",37,35,9,0.243243243243243
"Humewood - Port Elizabeth",10,0,"a",37,35,5,0.135135135135135
"Humewood - Port Elizabeth",10,0.25,"b",28,26,2,0.0714285714285714
"Humewood - Port Elizabeth",10,0.25,"x",28,26,4,0.142857142857143
"Humewood - Port Elizabeth",10,0.25,"a",28,26,3,0.107142857142857
"Humewood - Port Elizabeth",10,0.5,"b",19,18,2,0.105263157894737
"Humewood - Port Elizabeth",10,0.5,"x",19,18,2,0.105263157894737
"Humewood - Port Elizabeth",10,0.5,"a",19,18,1,0.0526315789473684
"Humewood - Port Elizabeth",10,0.75,"b",10,9,1,0.1
"Humewood - Port Elizabeth",10,0.75,"x",10,9,1,0.1
"Humewood - Port Elizabeth",10,0.75,"a",10,9,0,0
"Humewood - Port Elizabeth",10,1,"b",1,1,0,0
"Humewood - Port Elizabeth",10,1,"x",1,1,0,0
"Humewood - Port Elizabeth",10,1,"a",1,1,0,0
"Humewood - Port Elizabeth",14,0,"b",37,35,6,0.162162162162162
"Humewood - Port Elizabeth",14,0,"x",37,35,11,0.297297297297297
"Humewood - Port Elizabeth",14,0,"a",37,35,6,0.162162162162162
"Humewood - Port Elizabeth",14,0.25,"b",28,26,3,0.107142857142857
"Humewood - Port Elizabeth",14,0.25,"x",28,26,5,0.178571428571429
"Humewood - Port Elizabeth",14,0.25,"a",28,26,3,0.107142857142857
"Humewood - Port Elizabeth",14,0.5,"b",19,18,3,0.157894736842105
"Humewood - Port Elizabeth",14,0.5,"x",19,18,3,0.157894736842105
"Humewood - Port Elizabeth",14,0.5,"a",19,18,1,0.0526315789473684
"Humewood - Port Elizabeth",14,0.75,"b",10,9,1,0.1
"Humewood - Port Elizabeth",14,0.75,"x",10,9,1,0.1
"Humewood - Port Elizabeth",14,0.75,"a",10,9,0,0
"Humewood - Port Elizabeth",14,1,"b",1,1,0,0
"Humewood - Port Elizabeth",14,1,"x",1,1,0,0
"Humewood - Port Elizabeth",14,1,"a",1,1,0,0
"Knysna - Cape St Blaize",2,0,"b",26,40,2,0.0769230769230769
"Knysna - Cape St Blaize",2,0,"x",26,40,3,0.115384615384615
"Knysna - Cape St Blaize",2,0,"a",26,40,1,0.0384615384615385
"Knysna - Cape St Blaize",2,0.25,"b",19,30,1,0.0526315789473684
"Knysna - Cape St Blaize",2,0.25,"x",19,30,1,0.0526315789473684
"Knysna - Cape St Blaize",2,0.25,"a",19,30,0,0
"Knysna - Cape St Blaize",2,0.5,"b",13,20,0,0
"Knysna - Cape St Blaize",2,0.5,"x",13,20,0,0
"Knysna - Cape St Blaize",2,0.5,"a",13,20,0,0
"Knysna - Cape St Blaize",2,0.75,"b",7,10,0,0
"Knysna - Cape St Blaize",2,0.75,"x",7,10,0,0
"Knysna - Cape St Blaize",2,0.75,"a",7,10,0,0
"Knysna - Cape St Blaize",2,1,"b",1,1,0,0
"Knysna - Cape St Blaize",2,1,"x",1,1,0,0
"Knysna - Cape St Blaize",2,1,"a",1,1,0,0
"Knysna - Cape St Blaize",6,0,"b",26,40,4,0.153846153846154
"Knysna - Cape St Blaize",6,0,"x",26,40,7,0.269230769230769
"Knysna - Cape St Blaize",6,0,"a",26,40,3,0.115384615384615
"Knysna - Cape St Blaize",6,0.25,"b",19,30,2,0.105263157894737
"Knysna - Cape St Blaize",6,0.25,"x",19,30,3,0.157894736842105
"Knysna - Cape St Blaize",6,0.25,"a",19,30,1,0.0526315789473684
"Knysna - Cape St Blaize",6,0.5,"b",13,20,0,0
"Knysna - Cape St Blaize",6,0.5,"x",13,20,1,0.0769230769230769
"Knysna - Cape St Blaize",6,0.5,"a",13,20,1,0.0769230769230769
"Knysna - Cape St Blaize",6,0.75,"b",7,10,0,0
"Knysna - Cape St Blaize",6,0.75,"x",7,10,1,0.142857142857143
"Knysna - Cape St Blaize",6,0.75,"a",7,10,1,0.142857142857143
"Knysna - Cape St Blaize",6,1,"b",1,1,0,0
"Knysna - Cape St Blaize",6,1,"x",1,1,1,1
"Knysna - Cape St Blaize",6,1,"a",1,1,1,1
"Knysna - Cape St Blaize",10,0,"b",26,40,5,0.192307692307692
"Knysna - Cape St Blaize",10,0,"x",26,40,14,0.538461538461538
"Knysna - Cape St Blaize",10,0,"a",26,40,9,0.346153846153846
"Knysna - Cape St Blaize",10,0.25,"b",19,30,2,0.105263157894737
"Knysna - Cape St Blaize",10,0.25,"x",19,30,7,0.368421052631579
"Knysna - Cape St Blaize",10,0.25,"a",19,30,5,0.263157894736842
"Knysna - Cape St Blaize",10,0.5,"b",13,20,0,0
"Knysna - Cape St Blaize",10,0.5,"x",13,20,3,0.230769230769231
"Knysna - Cape St Blaize",10,0.5,"a",13,20,3,0.230769230769231
"Knysna - Cape St Blaize",10,0.75,"b",7,10,0,0
"Knysna - Cape St Blaize",10,0.75,"x",7,10,1,0.142857142857143
"Knysna - Cape St Blaize",10,0.75,"a",7,10,1,0.142857142857143
"Knysna - Cape St Blaize",10,1,"b",1,1,0,0
"Knysna - Cape St Blaize",10,1,"x",1,1,1,1
"Knysna - Cape St Blaize",10,1,"a",1,1,1,1
"Knysna - Cape St Blaize",14,0,"b",26,40,5,0.192307692307692
"Knysna - Cape St Blaize",14,0,"x",26,40,16,0.615384615384615
"Knysna - Cape St Blaize",14,0,"a",26,40,11,0.423076923076923
"Knysna - Cape St Blaize",14,0.25,"b",19,30,2,0.105263157894737
"Knysna - Cape St Blaize",14,0.25,"x",19,30,7,0.368421052631579
"Knysna - Cape St Blaize",14,0.25,"a",19,30,5,0.263157894736842
"Knysna - Cape St Blaize",14,0.5,"b",13,20,0,0
"Knysna - Cape St Blaize",14,0.5,"x",13,20,3,0.230769230769231
"Knysna - Cape St Blaize",14,0.5,"a",13,20,3,0.230769230769231
"Knysna - Cape St Blaize",14,0.75,"b",7,10,0,0
"Knysna - Cape St Blaize",14,0.75,"x",7,10,1,0.142857142857143
"Knysna - Cape St Blaize",14,0.75,"a",7,10,1,0.142857142857143
"Knysna - Cape St Blaize",14,1,"b",1,1,0,0
"Knysna - Cape St Blaize",14,1,"x",1,1,1,1
"Knysna - Cape St Blaize",14,1,"a",1,1,1,1
"Kommetjie - Cape Point",2,0,"b",35,62,0,0
"Kommetjie - Cape Point",2,0,"x",35,62,0,0
"Kommetjie - Cape Point",2,0,"a",35,62,0,0
"Kommetjie - Cape Point",2,0.25,"b",26,46,0,0
"Kommetjie - Cape Point",2,0.25,"x",26,46,0,0
"Kommetjie - Cape Point",2,0.25,"a",26,46,0,0
"Kommetjie - Cape Point",2,0.5,"b",18,31,0,0
"Kommetjie - Cape Point",2,0.5,"x",18,31,0,0
"Kommetjie - Cape Point",2,0.5,"a",18,31,0,0
"Kommetjie - Cape Point",2,0.75,"b",9,16,0,0
"Kommetjie - Cape Point",2,0.75,"x",9,16,0,0
"Kommetjie - Cape Point",2,0.75,"a",9,16,0,0
"Kommetjie - Cape Point",2,1,"b",1,1,0,0
"Kommetjie - Cape Point",2,1,"x",1,1,0,0
"Kommetjie - Cape Point",2,1,"a",1,1,0,0
"Kommetjie - Cape Point",6,0,"b",35,62,1,0.0285714285714286
"Kommetjie - Cape Point",6,0,"x",35,62,1,0.0285714285714286
"Kommetjie - Cape Point",6,0,"a",35,62,0,0
"Kommetjie - Cape Point",6,0.25,"b",26,46,1,0.0384615384615385
"Kommetjie - Cape Point",6,0.25,"x",26,46,1,0.0384615384615385
"Kommetjie - Cape Point",6,0.25,"a",26,46,0,0
"Kommetjie - Cape Point",6,0.5,"b",18,31,0,0
"Kommetjie - Cape Point",6,0.5,"x",18,31,0,0
"Kommetjie - Cape Point",6,0.5,"a",18,31,0,0
"Kommetjie - Cape Point",6,0.75,"b",9,16,0,0
"Kommetjie - Cape Point",6,0.75,"x",9,16,0,0
"Kommetjie - Cape Point",6,0.75,"a",9,16,0,0
"Kommetjie - Cape Point",6,1,"b",1,1,0,0
"Kommetjie - Cape Point",6,1,"x",1,1,0,0
"Kommetjie - Cape Point",6,1,"a",1,1,0,0
"Kommetjie - Cape Point",10,0,"b",35,62,3,0.0857142857142857
"Kommetjie - Cape Point",10,0,"x",35,62,4,0.114285714285714
"Kommetjie - Cape Point",10,0,"a",35,62,1,0.0285714285714286
"Kommetjie - Cape Point",10,0.25,"b",26,46,3,0.115384615384615
"Kommetjie - Cape Point",10,0.25,"x",26,46,4,0.153846153846154
"Kommetjie - Cape Point",10,0.25,"a",26,46,1,0.0384615384615385
"Kommetjie - Cape Point",10,0.5,"b",18,31,1,0.0555555555555556
"Kommetjie - Cape Point",10,0.5,"x",18,31,1,0.0555555555555556
"Kommetjie - Cape Point",10,0.5,"a",18,31,0,0
"Kommetjie - Cape Point",10,0.75,"b",9,16,0,0
"Kommetjie - Cape Point",10,0.75,"x",9,16,0,0
"Kommetjie - Cape Point",10,0.75,"a",9,16,0,0
"Kommetjie - Cape Point",10,1,"b",1,1,0,0
"Kommetjie - Cape Point",10,1,"x",1,1,0,0
"Kommetjie - Cape Point",10,1,"a",1,1,0,0
"Kommetjie - Cape Point",14,0,"b",35,62,5,0.142857142857143
"Kommetjie - Cape Point",14,0,"x",35,62,6,0.171428571428571
"Kommetjie - Cape Point",14,0,"a",35,62,1,0.0285714285714286
"Kommetjie - Cape Point",14,0.25,"b",26,46,4,0.153846153846154
"Kommetjie - Cape Point",14,0.25,"x",26,46,5,0.192307692307692
"Kommetjie - Cape Point",14,0.25,"a",26,46,1,0.0384615384615385
"Kommetjie - Cape Point",14,0.5,"b",18,31,1,0.0555555555555556
"Kommetjie - Cape Point",14,0.5,"x",18,31,1,0.0555555555555556
"Kommetjie - Cape Point",14,0.5,"a",18,31,0,0
"Kommetjie - Cape Point",14,0.75,"b",9,16,0,0
"Kommetjie - Cape Point",14,0.75,"x",9,16,0,0
"Kommetjie - Cape Point",14,0.75,"a",9,16,0,0
"Kommetjie - Cape Point",14,1,"b",1,1,0,0
"Kommetjie - Cape Point",14,1,"x",1,1,0,0
"Kommetjie - Cape Point",14,1,"a",1,1,0,0
"Mossel Bay - Cape St Blaize",2,0,"b",26,51,3,0.115384615384615
"Mossel Bay - Cape St Blaize",2,0,"x",26,51,4,0.153846153846154
"Mossel Bay - Cape St Blaize",2,0,"a",26,51,2,0.0769230769230769
"Mossel Bay - Cape St Blaize",2,0.25,"b",19,38,0,0
"Mossel Bay - Cape St Blaize",2,0.25,"x",19,38,1,0.0526315789473684
"Mossel Bay - Cape St Blaize",2,0.25,"a",19,38,1,0.0526315789473684
"Mossel Bay - Cape St Blaize",2,0.5,"b",13,26,0,0
"Mossel Bay - Cape St Blaize",2,0.5,"x",13,26,1,0.0769230769230769
"Mossel Bay - Cape St Blaize",2,0.5,"a",13,26,1,0.0769230769230769
"Mossel Bay - Cape St Blaize",2,0.75,"b",7,13,0,0
"Mossel Bay - Cape St Blaize",2,0.75,"x",7,13,0,0
"Mossel Bay - Cape St Blaize",2,0.75,"a",7,13,0,0
"Mossel Bay - Cape St Blaize",2,1,"b",1,1,0,0
"Mossel Bay - Cape St Blaize",2,1,"x",1,1,0,0
"Mossel Bay - Cape St Blaize",2,1,"a",1,1,0,0
"Mossel Bay - Cape St Blaize",6,0,"b",26,51,5,0.192307692307692
"Mossel Bay - Cape St Blaize",6,0,"x",26,51,8,0.307692307692308
"Mossel Bay - Cape St Blaize",6,0,"a",26,51,4,0.153846153846154
"Mossel Bay - Cape St Blaize",6,0.25,"b",19,38,1,0.0526315789473684
"Mossel Bay - Cape St Blaize",6,0.25,"x",19,38,4,0.210526315789474
"Mossel Bay - Cape St Blaize",6,0.25,"a",19,38,3,0.157894736842105
"Mossel Bay - Cape St Blaize",6,0.5,"b",13,26,1,0.0769230769230769
"Mossel Bay - Cape St Blaize",6,0.5,"x",13,26,3,0.230769230769231
"Mossel Bay - Cape St Blaize",6,0.5,"a",13,26,2,0.153846153846154
"Mossel Bay - Cape St Blaize",6,0.75,"b",7,13,0,0
"Mossel Bay - Cape St Blaize",6,0.75,"x",7,13,1,0.142857142857143
"Mossel Bay - Cape St Blaize",6,0.75,"a",7,13,1,0.142857142857143
"Mossel Bay - Cape St Blaize",6,1,"b",1,1,0,0
"Mossel Bay - Cape St Blaize",6,1,"x",1,1,0,0
"Mossel Bay - Cape St Blaize",6,1,"a",1,1,0,0
"Mossel Bay - Cape St Blaize",10,0,"b",26,51,5,0.192307692307692
"Mossel Bay - Cape St Blaize",10,0,"x",26,51,13,0.5
"Mossel Bay - Cape St Blaize",10,0,"a",26,51,9,0.346153846153846
"Mossel Bay - Cape St Blaize",10,0.25,"b",19,38,1,0.0526315789473684
"Mossel Bay - Cape St Blaize",10,0.25,"x",19,38,8,0.421052631578947
"Mossel Bay - Cape St Blaize",10,0.25,"a",19,38,7,0.368421052631579
"Mossel Bay - Cape St Blaize",10,0.5,"b",13,26,1,0.0769230769230769
"Mossel Bay - Cape St Blaize",10,0.5,"x",13,26,6,0.461538461538462
"Mossel Bay - Cape St Blaize",10,0.5,"a",13,26,5,0.384615384615385
"Mossel Bay - Cape St Blaize",10,0.75,"b",7,13,0,0
"Mossel Bay - Cape St Blaize",10,0.75,"x",7,13,2,0.285714285714286
"Mossel Bay - Cape St Blaize",10,0.75,"a",7,13,2,0.285714285714286
"Mossel Bay - Cape St Blaize",10,1,"b",1,1,0,0
"Mossel Bay - Cape St Blaize",10,1,"x",1,1,0,0
"Mossel Bay - Cape St Blaize",10,1,"a",1,1,0,0
"Mossel Bay - Cape St Blaize",14,0,"b",26,51,6,0.230769230769231
"Mossel Bay - Cape St Blaize",14,0,"x",26,51,18,0.692307692307692
"Mossel Bay - Cape St Blaize",14,0,"a",26,51,13,0.5
"Mossel Bay - Cape St Blaize",14,0.25,"b",19,38,1,0.0526315789473684
"Mossel Bay - Cape St Blaize",14,0.25,"x",19,38,10,0.526315789473684
"Mossel Bay - Cape St Blaize",14,0.25,"a",19,38,9,0.473684210526316
"Mossel Bay - Cape St Blaize",14,0.5,"b",13,26,1,0.0769230769230769
"Mossel Bay - Cape St Blaize",14,0.5,"x",13,26,7,0.538461538461538
"Mossel Bay - Cape St Blaize",14,0.5,"a",13,26,6,0.461538461538462
"Mossel Bay - Cape St Blaize",14,0.75,"b",7,13,0,0
"Mossel Bay - Cape St Blaize",14,0.75,"x",7,13,2,0.285714285714286
"Mossel Bay - Cape St Blaize",14,0.75,"a",7,13,2,0.285714285714286
"Mossel Bay - Cape St Blaize",14,1,"b",1,1,0,0
"Mossel Bay - Cape St Blaize",14,1,"x",1,1,0,0
"Mossel Bay - Cape St Blaize",14,1,"a",1,1,0,0
"Muizenberg - Cape Town DF Malan",2,0,"b",46,94,3,0.0652173913043478
"Muizenberg - Cape Town DF Malan",2,0,"x",46,94,6,0.130434782608696
"Muizenberg - Cape Town DF Malan",2,0,"a",46,94,4,0.0869565217391304
"Muizenberg - Cape Town DF Malan",2,0.25,"b",34,70,3,0.0882352941176471
"Muizenberg - Cape Town DF Malan",2,0.25,"x",34,70,5,0.147058823529412
"Muizenberg - Cape Town DF Malan",2,0.25,"a",34,70,3,0.0882352941176471
"Muizenberg - Cape Town DF Malan",2,0.5,"b",23,47,2,0.0869565217391304
"Muizenberg - Cape Town DF Malan",2,0.5,"x",23,47,4,0.173913043478261
"Muizenberg - Cape Town DF Malan",2,0.5,"a",23,47,3,0.130434782608696
"Muizenberg - Cape Town DF Malan",2,0.75,"b",12,24,1,0.0833333333333333
"Muizenberg - Cape Town DF Malan",2,0.75,"x",12,24,2,0.166666666666667
"Muizenberg - Cape Town DF Malan",2,0.75,"a",12,24,2,0.166666666666667
"Muizenberg - Cape Town DF Malan",2,1,"b",1,1,0,0
"Muizenberg - Cape Town DF Malan",2,1,"x",1,1,0,0
"Muizenberg - Cape Town DF Malan",2,1,"a",1,1,0,0
"Muizenberg - Cape Town DF Malan",6,0,"b",46,94,4,0.0869565217391304
"Muizenberg - Cape Town DF Malan",6,0,"x",46,94,10,0.217391304347826
"Muizenberg - Cape Town DF Malan",6,0,"a",46,94,7,0.152173913043478
"Muizenberg - Cape Town DF Malan",6,0.25,"b",34,70,3,0.0882352941176471
"Muizenberg - Cape Town DF Malan",6,0.25,"x",34,70,7,0.205882352941176
"Muizenberg - Cape Town DF Malan",6,0.25,"a",34,70,5,0.147058823529412
"Muizenberg - Cape Town DF Malan",6,0.5,"b",23,47,2,0.0869565217391304
"Muizenberg - Cape Town DF Malan",6,0.5,"x",23,47,6,0.260869565217391
"Muizenberg - Cape Town DF Malan",6,0.5,"a",23,47,5,0.217391304347826
"Muizenberg - Cape Town DF Malan",6,0.75,"b",12,24,1,0.0833333333333333
"Muizenberg - Cape Town DF Malan",6,0.75,"x",12,24,3,0.25
"Muizenberg - Cape Town DF Malan",6,0.75,"a",12,24,3,0.25
"Muizenberg - Cape Town DF Malan",6,1,"b",1,1,0,0
"Muizenberg - Cape Town DF Malan",6,1,"x",1,1,0,0
"Muizenberg - Cape Town DF Malan",6,1,"a",1,1,0,0
"Muizenberg - Cape Town DF Malan",10,0,"b",46,94,5,0.108695652173913
"Muizenberg - Cape Town DF Malan",10,0,"x",46,94,15,0.326086956521739
"Muizenberg - Cape Town DF Malan",10,0,"a",46,94,11,0.239130434782609
"Muizenberg - Cape Town DF Malan",10,0.25,"b",34,70,3,0.0882352941176471
"Muizenberg - Cape Town DF Malan",10,0.25,"x",34,70,9,0.264705882352941
"Muizenberg - Cape Town DF Malan",10,0.25,"a",34,70,7,0.205882352941176
"Muizenberg - Cape Town DF Malan",10,0.5,"b",23,47,2,0.0869565217391304
"Muizenberg - Cape Town DF Malan",10,0.5,"x",23,47,8,0.347826086956522
"Muizenberg - Cape Town DF Malan",10,0.5,"a",23,47,7,0.304347826086957
"Muizenberg - Cape Town DF Malan",10,0.75,"b",12,24,1,0.0833333333333333
"Muizenberg - Cape Town DF Malan",10,0.75,"x",12,24,4,0.333333333333333
"Muizenberg - Cape Town DF Malan",10,0.75,"a",12,24,4,0.333333333333333
"Muizenberg - Cape Town DF Malan",10,1,"b",1,1,0,0
"Muizenberg - Cape Town DF Malan",10,1,"x",1,1,0,0
"Muizenberg - Cape Town DF Malan",10,1,"a",1,1,0,0
"Muizenberg - Cape Town DF Malan",14,0,"b",46,94,8,0.173913043478261
"Muizenberg - Cape Town DF Malan",14,0,"x",46,94,18,0.391304347826087
"Muizenberg - Cape Town DF Malan",14,0,"a",46,94,11,0.239130434782609
"Muizenberg - Cape Town DF Malan",14,0.25,"b",34,70,5,0.147058823529412
"Muizenberg - Cape Town DF Malan",14,0.25,"x",34,70,11,0.323529411764706
"Muizenberg - Cape Town DF Malan",14,0.25,"a",34,70,7,0.205882352941176
"Muizenberg - Cape Town DF Malan",14,0.5,"b",23,47,4,0.173913043478261
"Muizenberg - Cape Town DF Malan",14,0.5,"x",23,47,10,0.434782608695652
"Muizenberg - Cape Town DF Malan",14,0.5,"a",23,47,7,0.304347826086957
"Muizenberg - Cape Town DF Malan",14,0.75,"b",12,24,2,0.166666666666667
"Muizenberg - Cape Town DF Malan",14,0.75,"x",12,24,5,0.416666666666667
"Muizenberg - Cape Town DF Malan",14,0.75,"a",12,24,4,0.333333333333333
"Muizenberg - Cape Town DF Malan",14,1,"b",1,1,0,0
"Muizenberg - Cape Town DF Malan",14,1,"x",1,1,0,0
"Muizenberg - Cape Town DF Malan",14,1,"a",1,1,0,0
"Nahoon Beach - East London",2,0,"b",17,25,0,0
"Nahoon Beach - East London",2,0,"x",17,25,0,0
"Nahoon Beach - East London",2,0,"a",17,25,0,0
"Nahoon Beach - East London",2,0.25,"b",13,19,0,0
"Nahoon Beach - East London",2,0.25,"x",13,19,0,0
"Nahoon Beach - East London",2,0.25,"a",13,19,0,0
"Nahoon Beach - East London",2,0.5,"b",9,13,0,0
"Nahoon Beach - East London",2,0.5,"x",9,13,0,0
"Nahoon Beach - East London",2,0.5,"a",9,13,0,0
"Nahoon Beach - East London",2,0.75,"b",5,7,0,0
"Nahoon Beach - East London",2,0.75,"x",5,7,0,0
"Nahoon Beach - East London",2,0.75,"a",5,7,0,0
"Nahoon Beach - East London",2,1,"b",1,1,0,0
"Nahoon Beach - East London",2,1,"x",1,1,0,0
"Nahoon Beach - East London",2,1,"a",1,1,0,0
"Nahoon Beach - East London",6,0,"b",17,25,1,0.0588235294117647
"Nahoon Beach - East London",6,0,"x",17,25,2,0.117647058823529
"Nahoon Beach - East London",6,0,"a",17,25,1,0.0588235294117647
"Nahoon Beach - East London",6,0.25,"b",13,19,1,0.0769230769230769
"Nahoon Beach - East London",6,0.25,"x",13,19,2,0.153846153846154
"Nahoon Beach - East London",6,0.25,"a",13,19,1,0.0769230769230769
"Nahoon Beach - East London",6,0.5,"b",9,13,0,0
"Nahoon Beach - East London",6,0.5,"x",9,13,1,0.111111111111111
"Nahoon Beach - East London",6,0.5,"a",9,13,1,0.111111111111111
"Nahoon Beach - East London",6,0.75,"b",5,7,0,0
"Nahoon Beach - East London",6,0.75,"x",5,7,1,0.2
"Nahoon Beach - East London",6,0.75,"a",5,7,1,0.2
"Nahoon Beach - East London",6,1,"b",1,1,0,0
"Nahoon Beach - East London",6,1,"x",1,1,0,0
"Nahoon Beach - East London",6,1,"a",1,1,0,0
"Nahoon Beach - East London",10,0,"b",17,25,1,0.0588235294117647
"Nahoon Beach - East London",10,0,"x",17,25,3,0.176470588235294
"Nahoon Beach - East London",10,0,"a",17,25,2,0.117647058823529
"Nahoon Beach - East London",10,0.25,"b",13,19,1,0.0769230769230769
"Nahoon Beach - East London",10,0.25,"x",13,19,2,0.153846153846154
"Nahoon Beach - East London",10,0.25,"a",13,19,1,0.0769230769230769
"Nahoon Beach - East London",10,0.5,"b",9,13,0,0
"Nahoon Beach - East London",10,0.5,"x",9,13,1,0.111111111111111
"Nahoon Beach - East London",10,0.5,"a",9,13,1,0.111111111111111
"Nahoon Beach - East London",10,0.75,"b",5,7,0,0
"Nahoon Beach - East London",10,0.75,"x",5,7,1,0.2
"Nahoon Beach - East London",10,0.75,"a",5,7,1,0.2
"Nahoon Beach - East London",10,1,"b",1,1,0,0
"Nahoon Beach - East London",10,1,"x",1,1,0,0
"Nahoon Beach - East London",10,1,"a",1,1,0,0
"Nahoon Beach - East London",14,0,"b",17,25,2,0.117647058823529
"Nahoon Beach - East London",14,0,"x",17,25,4,0.235294117647059
"Nahoon Beach - East London",14,0,"a",17,25,2,0.117647058823529
"Nahoon Beach - East London",14,0.25,"b",13,19,2,0.153846153846154
"Nahoon Beach - East London",14,0.25,"x",13,19,3,0.230769230769231
"Nahoon Beach - East London",14,0.25,"a",13,19,1,0.0769230769230769
"Nahoon Beach - East London",14,0.5,"b",9,13,1,0.111111111111111
"Nahoon Beach - East London",14,0.5,"x",9,13,2,0.222222222222222
"Nahoon Beach - East London",14,0.5,"a",9,13,1,0.111111111111111
"Nahoon Beach - East London",14,0.75,"b",5,7,0,0
"Nahoon Beach - East London",14,0.75,"x",5,7,1,0.2
"Nahoon Beach - East London",14,0.75,"a",5,7,1,0.2
"Nahoon Beach - East London",14,1,"b",1,1,0,0
"Nahoon Beach - East London",14,1,"x",1,1,0,0
"Nahoon Beach - East London",14,1,"a",1,1,0,0
"Orient Beach - East London",2,0,"b",47,46,0,0
"Orient Beach - East London",2,0,"x",47,46,0,0
"Orient Beach - East London",2,0,"a",47,46,0,0
"Orient Beach - East London",2,0.25,"b",35,34,0,0
"Orient Beach - East London",2,0.25,"x",35,34,0,0
"Orient Beach - East London",2,0.25,"a",35,34,0,0
"Orient Beach - East London",2,0.5,"b",24,23,0,0
"Orient Beach - East London",2,0.5,"x",24,23,0,0
"Orient Beach - East London",2,0.5,"a",24,23,0,0
"Orient Beach - East London",2,0.75,"b",12,12,0,0
"Orient Beach - East London",2,0.75,"x",12,12,0,0
"Orient Beach - East London",2,0.75,"a",12,12,0,0
"Orient Beach - East London",2,1,"b",1,1,0,0
"Orient Beach - East London",2,1,"x",1,1,0,0
"Orient Beach - East London",2,1,"a",1,1,0,0
"Orient Beach - East London",6,0,"b",47,46,0,0
"Orient Beach - East London",6,0,"x",47,46,3,0.0638297872340425
"Orient Beach - East London",6,0,"a",47,46,3,0.0638297872340425
"Orient Beach - East London",6,0.25,"b",35,34,0,0
"Orient Beach - East London",6,0.25,"x",35,34,2,0.0571428571428571
"Orient Beach - East London",6,0.25,"a",35,34,2,0.0571428571428571
"Orient Beach - East London",6,0.5,"b",24,23,0,0
"Orient Beach - East London",6,0.5,"x",24,23,1,0.0416666666666667
"Orient Beach - East London",6,0.5,"a",24,23,1,0.0416666666666667
"Orient Beach - East London",6,0.75,"b",12,12,0,0
"Orient Beach - East London",6,0.75,"x",12,12,1,0.0833333333333333
"Orient Beach - East London",6,0.75,"a",12,12,1,0.0833333333333333
"Orient Beach - East London",6,1,"b",1,1,0,0
"Orient Beach - East London",6,1,"x",1,1,0,0
"Orient Beach - East London",6,1,"a",1,1,0,0
"Orient Beach - East London",10,0,"b",47,46,1,0.0212765957446809
"Orient Beach - East London",10,0,"x",47,46,4,0.0851063829787234
"Orient Beach - East London",10,0,"a",47,46,3,0.0638297872340425
"Orient Beach - East London",10,0.25,"b",35,34,1,0.0285714285714286
"Orient Beach - East London",10,0.25,"x",35,34,3,0.0857142857142857
"Orient Beach - East London",10,0.25,"a",35,34,2,0.0571428571428571
"Orient Beach - East London",10,0.5,"b",24,23,0,0
"Orient Beach - East London",10,0.5,"x",24,23,1,0.0416666666666667
"Orient Beach - East London",10,0.5,"a",24,23,1,0.0416666666666667
"Orient Beach - East London",10,0.75,"b",12,12,0,0
"Orient Beach - East London",10,0.75,"x",12,12,1,0.0833333333333333
"Orient Beach - East London",10,0.75,"a",12,12,1,0.0833333333333333
"Orient Beach - East London",10,1,"b",1,1,0,0
"Orient Beach - East London",10,1,"x",1,1,0,0
"Orient Beach - East London",10,1,"a",1,1,0,0
"Orient Beach - East London",14,0,"b",47,46,2,0.0425531914893617
"Orient Beach - East London",14,0,"x",47,46,7,0.148936170212766
"Orient Beach - East London",14,0,"a",47,46,5,0.106382978723404
"Orient Beach - East London",14,0.25,"b",35,34,1,0.0285714285714286
"Orient Beach - East London",14,0.25,"x",35,34,5,0.142857142857143
"Orient Beach - East London",14,0.25,"a",35,34,4,0.114285714285714
"Orient Beach - East London",14,0.5,"b",24,23,0,0
"Orient Beach - East London",14,0.5,"x",24,23,2,0.0833333333333333
"Orient Beach - East London",14,0.5,"a",24,23,2,0.0833333333333333
"Orient Beach - East London",14,0.75,"b",12,12,0,0
"Orient Beach - East London",14,0.75,"x",12,12,1,0.0833333333333333
"Orient Beach - East London",14,0.75,"a",12,12,1,0.0833333333333333
"Orient Beach - East London",14,1,"b",1,1,0,0
"Orient Beach - East London",14,1,"x",1,1,0,0
"Orient Beach - East London",14,1,"a",1,1,0,0
"Pollock Beach - Port Elizabeth",2,0,"b",20,30,1,0.05
"Pollock Beach - Port Elizabeth",2,0,"x",20,30,4,0.2
"Pollock Beach - Port Elizabeth",2,0,"a",20,30,3,0.15
"Pollock Beach - Port Elizabeth",2,0.25,"b",15,22,1,0.0666666666666667
"Pollock Beach - Port Elizabeth",2,0.25,"x",15,22,4,0.266666666666667
"Pollock Beach - Port Elizabeth",2,0.25,"a",15,22,3,0.2
"Pollock Beach - Port Elizabeth",2,0.5,"b",10,15,0,0
"Pollock Beach - Port Elizabeth",2,0.5,"x",10,15,1,0.1
"Pollock Beach - Port Elizabeth",2,0.5,"a",10,15,1,0.1
"Pollock Beach - Port Elizabeth",2,0.75,"b",5,8,0,0
"Pollock Beach - Port Elizabeth",2,0.75,"x",5,8,1,0.2
"Pollock Beach - Port Elizabeth",2,0.75,"a",5,8,1,0.2
"Pollock Beach - Port Elizabeth",2,1,"b",1,1,0,0
"Pollock Beach - Port Elizabeth",2,1,"x",1,1,0,0
"Pollock Beach - Port Elizabeth",2,1,"a",1,1,0,0
"Pollock Beach - Port Elizabeth",6,0,"b",20,30,1,0.05
"Pollock Beach - Port Elizabeth",6,0,"x",20,30,5,0.25
"Pollock Beach - Port Elizabeth",6,0,"a",20,30,4,0.2
"Pollock Beach - Port Elizabeth",6,0.25,"b",15,22,1,0.0666666666666667
"Pollock Beach - Port Elizabeth",6,0.25,"x",15,22,5,0.333333333333333
"Pollock Beach - Port Elizabeth",6,0.25,"a",15,22,4,0.266666666666667
"Pollock Beach - Port Elizabeth",6,0.5,"b",10,15,0,0
"Pollock Beach - Port Elizabeth",6,0.5,"x",10,15,1,0.1
"Pollock Beach - Port Elizabeth",6,0.5,"a",10,15,1,0.1
"Pollock Beach - Port Elizabeth",6,0.75,"b",5,8,0,0
"Pollock Beach - Port Elizabeth",6,0.75,"x",5,8,1,0.2
"Pollock Beach - Port Elizabeth",6,0.75,"a",5,8,1,0.2
"Pollock Beach - Port Elizabeth",6,1,"b",1,1,0,0
"Pollock Beach - Port Elizabeth",6,1,"x",1,1,0,0
"Pollock Beach - Port Elizabeth",6,1,"a",1,1,0,0
"Pollock Beach - Port Elizabeth",10,0,"b",20,30,3,0.15
"Pollock Beach - Port Elizabeth",10,0,"x",20,30,8,0.4
"Pollock Beach - Port Elizabeth",10,0,"a",20,30,5,0.25
"Pollock Beach - Port Elizabeth",10,0.25,"b",15,22,3,0.2
"Pollock Beach - Port Elizabeth",10,0.25,"x",15,22,8,0.533333333333333
"Pollock Beach - Port Elizabeth",10,0.25,"a",15,22,5,0.333333333333333
"Pollock Beach - Port Elizabeth",10,0.5,"b",10,15,1,0.1
"Pollock Beach - Port Elizabeth",10,0.5,"x",10,15,3,0.3
"Pollock Beach - Port Elizabeth",10,0.5,"a",10,15,2,0.2
"Pollock Beach - Port Elizabeth",10,0.75,"b",5,8,0,0
"Pollock Beach - Port Elizabeth",10,0.75,"x",5,8,2,0.4
"Pollock Beach - Port Elizabeth",10,0.75,"a",5,8,2,0.4
"Pollock Beach - Port Elizabeth",10,1,"b",1,1,0,0
"Pollock Beach - Port Elizabeth",10,1,"x",1,1,0,0
"Pollock Beach - Port Elizabeth",10,1,"a",1,1,0,0
"Pollock Beach - Port Elizabeth",14,0,"b",20,30,5,0.25
"Pollock Beach - Port Elizabeth",14,0,"x",20,30,10,0.5
"Pollock Beach - Port Elizabeth",14,0,"a",20,30,5,0.25
"Pollock Beach - Port Elizabeth",14,0.25,"b",15,22,3,0.2
"Pollock Beach - Port Elizabeth",14,0.25,"x",15,22,8,0.533333333333333
"Pollock Beach - Port Elizabeth",14,0.25,"a",15,22,5,0.333333333333333
"Pollock Beach - Port Elizabeth",14,0.5,"b",10,15,1,0.1
"Pollock Beach - Port Elizabeth",14,0.5,"x",10,15,3,0.3
"Pollock Beach - Port Elizabeth",14,0.5,"a",10,15,2,0.2
"Pollock Beach - Port Elizabeth",14,0.75,"b",5,8,0,0
"Pollock Beach - Port Elizabeth",14,0.75,"x",5,8,2,0.4
"Pollock Beach - Port Elizabeth",14,0.75,"a",5,8,2,0.4
"Pollock Beach - Port Elizabeth",14,1,"b",1,1,0,0
"Pollock Beach - Port Elizabeth",14,1,"x",1,1,0,0
"Pollock Beach - Port Elizabeth",14,1,"a",1,1,0,0
"Port Nolloth - Cape Columbine",2,0,"b",64,114,7,0.109375
"Port Nolloth - Cape Columbine",2,0,"x",64,114,7,0.109375
"Port Nolloth - Cape Columbine",2,0,"a",64,114,4,0.0625
"Port Nolloth - Cape Columbine",2,0.25,"b",48,85,5,0.104166666666667
"Port Nolloth - Cape Columbine",2,0.25,"x",48,85,5,0.104166666666667
"Port Nolloth - Cape Columbine",2,0.25,"a",48,85,3,0.0625
"Port Nolloth - Cape Columbine",2,0.5,"b",32,57,2,0.0625
"Port Nolloth - Cape Columbine",2,0.5,"x",32,57,2,0.0625
"Port Nolloth - Cape Columbine",2,0.5,"a",32,57,1,0.03125
"Port Nolloth - Cape Columbine",2,0.75,"b",16,29,1,0.0625
"Port Nolloth - Cape Columbine",2,0.75,"x",16,29,1,0.0625
"Port Nolloth - Cape Columbine",2,0.75,"a",16,29,0,0
"Port Nolloth - Cape Columbine",2,1,"b",1,1,0,0
"Port Nolloth - Cape Columbine",2,1,"x",1,1,0,0
"Port Nolloth - Cape Columbine",2,1,"a",1,1,0,0
"Port Nolloth - Cape Columbine",6,0,"b",64,114,16,0.25
"Port Nolloth - Cape Columbine",6,0,"x",64,114,17,0.265625
"Port Nolloth - Cape Columbine",6,0,"a",64,114,5,0.078125
"Port Nolloth - Cape Columbine",6,0.25,"b",48,85,12,0.25
"Port Nolloth - Cape Columbine",6,0.25,"x",48,85,12,0.25
"Port Nolloth - Cape Columbine",6,0.25,"a",48,85,3,0.0625
"Port Nolloth - Cape Columbine",6,0.5,"b",32,57,6,0.1875
"Port Nolloth - Cape Columbine",6,0.5,"x",32,57,6,0.1875
"Port Nolloth - Cape Columbine",6,0.5,"a",32,57,1,0.03125
"Port Nolloth - Cape Columbine",6,0.75,"b",16,29,1,0.0625
"Port Nolloth - Cape Columbine",6,0.75,"x",16,29,1,0.0625
"Port Nolloth - Cape Columbine",6,0.75,"a",16,29,0,0
"Port Nolloth - Cape Columbine",6,1,"b",1,1,0,0
"Port Nolloth - Cape Columbine",6,1,"x",1,1,0,0
"Port Nolloth - Cape Columbine",6,1,"a",1,1,0,0
"Port Nolloth - Cape Columbine",10,0,"b",64,114,19,0.296875
"Port Nolloth - Cape Columbine",10,0,"x",64,114,24,0.375
"Port Nolloth - Cape Columbine",10,0,"a",64,114,9,0.140625
"Port Nolloth - Cape Columbine",10,0.25,"b",48,85,15,0.3125
"Port Nolloth - Cape Columbine",10,0.25,"x",48,85,16,0.333333333333333
"Port Nolloth - Cape Columbine",10,0.25,"a",48,85,4,0.0833333333333333
"Port Nolloth - Cape Columbine",10,0.5,"b",32,57,7,0.21875
"Port Nolloth - Cape Columbine",10,0.5,"x",32,57,7,0.21875
"Port Nolloth - Cape Columbine",10,0.5,"a",32,57,1,0.03125
"Port Nolloth - Cape Columbine",10,0.75,"b",16,29,1,0.0625
"Port Nolloth - Cape Columbine",10,0.75,"x",16,29,1,0.0625
"Port Nolloth - Cape Columbine",10,0.75,"a",16,29,0,0
"Port Nolloth - Cape Columbine",10,1,"b",1,1,0,0
"Port Nolloth - Cape Columbine",10,1,"x",1,1,0,0
"Port Nolloth - Cape Columbine",10,1,"a",1,1,0,0
"Port Nolloth - Cape Columbine",14,0,"b",64,114,19,0.296875
"Port Nolloth - Cape Columbine",14,0,"x",64,114,28,0.4375
"Port Nolloth - Cape Columbine",14,0,"a",64,114,13,0.203125
"Port Nolloth - Cape Columbine",14,0.25,"b",48,85,15,0.3125
"Port Nolloth - Cape Columbine",14,0.25,"x",48,85,17,0.354166666666667
"Port Nolloth - Cape Columbine",14,0.25,"a",48,85,5,0.104166666666667
"Port Nolloth - Cape Columbine",14,0.5,"b",32,57,7,0.21875
"Port Nolloth - Cape Columbine",14,0.5,"x",32,57,7,0.21875
"Port Nolloth - Cape Columbine",14,0.5,"a",32,57,1,0.03125
"Port Nolloth - Cape Columbine",14,0.75,"b",16,29,1,0.0625
"Port Nolloth - Cape Columbine",14,0.75,"x",16,29,1,0.0625
"Port Nolloth - Cape Columbine",14,0.75,"a",16,29,0,0
"Port Nolloth - Cape Columbine",14,1,"b",1,1,0,0
"Port Nolloth - Cape Columbine",14,1,"x",1,1,0,0
"Port Nolloth - Cape Columbine",14,1,"a",1,1,0,0
"Sea Point - Cape Town DF Malan",2,0,"b",77,98,5,0.0649350649350649
"Sea Point - Cape Town DF Malan",2,0,"x",77,98,5,0.0649350649350649
"Sea Point - Cape Town DF Malan",2,0,"a",77,98,1,0.012987012987013
"Sea Point - Cape Town DF Malan",2,0.25,"b",58,73,3,0.0517241379310345
"Sea Point - Cape Town DF Malan",2,0.25,"x",58,73,3,0.0517241379310345
"Sea Point - Cape Town DF Malan",2,0.25,"a",58,73,0,0
"Sea Point - Cape Town DF Malan",2,0.5,"b",40,49,2,0.05
"Sea Point - Cape Town DF Malan",2,0.5,"x",40,49,2,0.05
"Sea Point - Cape Town DF Malan",2,0.5,"a",40,49,0,0
"Sea Point - Cape Town DF Malan",2,0.75,"b",20,25,0,0
"Sea Point - Cape Town DF Malan",2,0.75,"x",20,25,0,0
"Sea Point - Cape Town DF Malan",2,0.75,"a",20,25,0,0
"Sea Point - Cape Town DF Malan",2,1,"b",1,1,0,0
"Sea Point - Cape Town DF Malan",2,1,"x",1,1,0,0
"Sea Point - Cape Town DF Malan",2,1,"a",1,1,0,0
"Sea Point - Cape Town DF Malan",6,0,"b",77,98,8,0.103896103896104
"Sea Point - Cape Town DF Malan",6,0,"x",77,98,10,0.12987012987013
"Sea Point - Cape Town DF Malan",6,0,"a",77,98,3,0.038961038961039
"Sea Point - Cape Town DF Malan",6,0.25,"b",58,73,4,0.0689655172413793
"Sea Point - Cape Town DF Malan",6,0.25,"x",58,73,5,0.0862068965517241
"Sea Point - Cape Town DF Malan",6,0.25,"a",58,73,1,0.0172413793103448
"Sea Point - Cape Town DF Malan",6,0.5,"b",40,49,2,0.05
"Sea Point - Cape Town DF Malan",6,0.5,"x",40,49,2,0.05
"Sea Point - Cape Town DF Malan",6,0.5,"a",40,49,0,0
"Sea Point - Cape Town DF Malan",6,0.75,"b",20,25,0,0
"Sea Point - Cape Town DF Malan",6,0.75,"x",20,25,0,0
"Sea Point - Cape Town DF Malan",6,0.75,"a",20,25,0,0
"Sea Point - Cape Town DF Malan",6,1,"b",1,1,0,0
"Sea Point - Cape Town DF Malan",6,1,"x",1,1,0,0
"Sea Point - Cape Town DF Malan",6,1,"a",1,1,0,0
"Sea Point - Cape Town DF Malan",10,0,"b",77,98,9,0.116883116883117
"Sea Point - Cape Town DF Malan",10,0,"x",77,98,13,0.168831168831169
"Sea Point - Cape Town DF Malan",10,0,"a",77,98,5,0.0649350649350649
"Sea Point - Cape Town DF Malan",10,0.25,"b",58,73,5,0.0862068965517241
"Sea Point - Cape Town DF Malan",10,0.25,"x",58,73,7,0.120689655172414
"Sea Point - Cape Town DF Malan",10,0.25,"a",58,73,2,0.0344827586206897
"Sea Point - Cape Town DF Malan",10,0.5,"b",40,49,3,0.075
"Sea Point - Cape Town DF Malan",10,0.5,"x",40,49,4,0.1
"Sea Point - Cape Town DF Malan",10,0.5,"a",40,49,1,0.025
"Sea Point - Cape Town DF Malan",10,0.75,"b",20,25,0,0
"Sea Point - Cape Town DF Malan",10,0.75,"x",20,25,0,0
"Sea Point - Cape Town DF Malan",10,0.75,"a",20,25,0,0
"Sea Point - Cape Town DF Malan",10,1,"b",1,1,0,0
"Sea Point - Cape Town DF Malan",10,1,"x",1,1,0,0
"Sea Point - Cape Town DF Malan",10,1,"a",1,1,0,0
"Sea Point - Cape Town DF Malan",14,0,"b",77,98,13,0.168831168831169
"Sea Point - Cape Town DF Malan",14,0,"x",77,98,20,0.25974025974026
"Sea Point - Cape Town DF Malan",14,0,"a",77,98,8,0.103896103896104
"Sea Point - Cape Town DF Malan",14,0.25,"b",58,73,5,0.0862068965517241
"Sea Point - Cape Town DF Malan",14,0.25,"x",58,73,10,0.172413793103448
"Sea Point - Cape Town DF Malan",14,0.25,"a",58,73,5,0.0862068965517241
"Sea Point - Cape Town DF Malan",14,0.5,"b",40,49,3,0.075
"Sea Point - Cape Town DF Malan",14,0.5,"x",40,49,6,0.15
"Sea Point - Cape Town DF Malan",14,0.5,"a",40,49,3,0.075
"Sea Point - Cape Town DF Malan",14,0.75,"b",20,25,0,0
"Sea Point - Cape Town DF Malan",14,0.75,"x",20,25,1,0.05
"Sea Point - Cape Town DF Malan",14,0.75,"a",20,25,1,0.05
"Sea Point - Cape Town DF Malan",14,1,"b",1,1,0,0
"Sea Point - Cape Town DF Malan",14,1,"x",1,1,0,0
"Sea Point - Cape Town DF Malan",14,1,"a",1,1,0,0
"Sodwana - Cape St Lucia",2,0,"b",33,35,0,0
"Sodwana - Cape St Lucia",2,0,"x",33,35,1,0.0303030303030303
"Sodwana - Cape St Lucia",2,0,"a",33,35,1,0.0303030303030303
"Sodwana - Cape St Lucia",2,0.25,"b",25,26,0,0
"Sodwana - Cape St Lucia",2,0.25,"x",25,26,0,0
"Sodwana - Cape St Lucia",2,0.25,"a",25,26,0,0
"Sodwana - Cape St Lucia",2,0.5,"b",17,18,0,0
"Sodwana - Cape St Lucia",2,0.5,"x",17,18,0,0
"Sodwana - Cape St Lucia",2,0.5,"a",17,18,0,0
"Sodwana - Cape St Lucia",2,0.75,"b",9,9,0,0
"Sodwana - Cape St Lucia",2,0.75,"x",9,9,0,0
"Sodwana - Cape St Lucia",2,0.75,"a",9,9,0,0
"Sodwana - Cape St Lucia",2,1,"b",1,1,0,0
"Sodwana - Cape St Lucia",2,1,"x",1,1,0,0
"Sodwana - Cape St Lucia",2,1,"a",1,1,0,0
"Sodwana - Cape St Lucia",6,0,"b",33,35,2,0.0606060606060606
"Sodwana - Cape St Lucia",6,0,"x",33,35,5,0.151515151515152
"Sodwana - Cape St Lucia",6,0,"a",33,35,3,0.0909090909090909
"Sodwana - Cape St Lucia",6,0.25,"b",25,26,2,0.08
"Sodwana - Cape St Lucia",6,0.25,"x",25,26,3,0.12
"Sodwana - Cape St Lucia",6,0.25,"a",25,26,1,0.04
"Sodwana - Cape St Lucia",6,0.5,"b",17,18,0,0
"Sodwana - Cape St Lucia",6,0.5,"x",17,18,1,0.0588235294117647
"Sodwana - Cape St Lucia",6,0.5,"a",17,18,1,0.0588235294117647
"Sodwana - Cape St Lucia",6,0.75,"b",9,9,0,0
"Sodwana - Cape St Lucia",6,0.75,"x",9,9,1,0.111111111111111
"Sodwana - Cape St Lucia",6,0.75,"a",9,9,1,0.111111111111111
"Sodwana - Cape St Lucia",6,1,"b",1,1,0,0
"Sodwana - Cape St Lucia",6,1,"x",1,1,0,0
"Sodwana - Cape St Lucia",6,1,"a",1,1,0,0
"Sodwana - Cape St Lucia",10,0,"b",33,35,3,0.0909090909090909
"Sodwana - Cape St Lucia",10,0,"x",33,35,6,0.181818181818182
"Sodwana - Cape St Lucia",10,0,"a",33,35,3,0.0909090909090909
"Sodwana - Cape St Lucia",10,0.25,"b",25,26,3,0.12
"Sodwana - Cape St Lucia",10,0.25,"x",25,26,4,0.16
"Sodwana - Cape St Lucia",10,0.25,"a",25,26,1,0.04
"Sodwana - Cape St Lucia",10,0.5,"b",17,18,0,0
"Sodwana - Cape St Lucia",10,0.5,"x",17,18,1,0.0588235294117647
"Sodwana - Cape St Lucia",10,0.5,"a",17,18,1,0.0588235294117647
"Sodwana - Cape St Lucia",10,0.75,"b",9,9,0,0
"Sodwana - Cape St Lucia",10,0.75,"x",9,9,1,0.111111111111111
"Sodwana - Cape St Lucia",10,0.75,"a",9,9,1,0.111111111111111
"Sodwana - Cape St Lucia",10,1,"b",1,1,0,0
"Sodwana - Cape St Lucia",10,1,"x",1,1,0,0
"Sodwana - Cape St Lucia",10,1,"a",1,1,0,0
"Sodwana - Cape St Lucia",14,0,"b",33,35,3,0.0909090909090909
"Sodwana - Cape St Lucia",14,0,"x",33,35,7,0.212121212121212
"Sodwana - Cape St Lucia",14,0,"a",33,35,4,0.121212121212121
"Sodwana - Cape St Lucia",14,0.25,"b",25,26,3,0.12
"Sodwana - Cape St Lucia",14,0.25,"x",25,26,4,0.16
"Sodwana - Cape St Lucia",14,0.25,"a",25,26,1,0.04
"Sodwana - Cape St Lucia",14,0.5,"b",17,18,0,0
"Sodwana - Cape St Lucia",14,0.5,"x",17,18,1,0.0588235294117647
"Sodwana - Cape St Lucia",14,0.5,"a",17,18,1,0.0588235294117647
"Sodwana - Cape St Lucia",14,0.75,"b",9,9,0,0
"Sodwana - Cape St Lucia",14,0.75,"x",9,9,1,0.111111111111111
"Sodwana - Cape St Lucia",14,0.75,"a",9,9,1,0.111111111111111
"Sodwana - Cape St Lucia",14,1,"b",1,1,0,0
"Sodwana - Cape St Lucia",14,1,"x",1,1,0,0
"Sodwana - Cape St Lucia",14,1,"a",1,1,0,0
"Storms River Mouth - Cape St Francis",2,0,"b",29,43,4,0.137931034482759
"Storms River Mouth - Cape St Francis",2,0,"x",29,43,7,0.241379310344828
"Storms River Mouth - Cape St Francis",2,0,"a",29,43,3,0.103448275862069
"Storms River Mouth - Cape St Francis",2,0.25,"b",22,32,2,0.0909090909090909
"Storms River Mouth - Cape St Francis",2,0.25,"x",22,32,4,0.181818181818182
"Storms River Mouth - Cape St Francis",2,0.25,"a",22,32,2,0.0909090909090909
"Storms River Mouth - Cape St Francis",2,0.5,"b",15,22,0,0
"Storms River Mouth - Cape St Francis",2,0.5,"x",15,22,1,0.0666666666666667
"Storms River Mouth - Cape St Francis",2,0.5,"a",15,22,1,0.0666666666666667
"Storms River Mouth - Cape St Francis",2,0.75,"b",8,11,0,0
"Storms River Mouth - Cape St Francis",2,0.75,"x",8,11,0,0
"Storms River Mouth - Cape St Francis",2,0.75,"a",8,11,0,0
"Storms River Mouth - Cape St Francis",2,1,"b",1,1,0,0
"Storms River Mouth - Cape St Francis",2,1,"x",1,1,0,0
"Storms River Mouth - Cape St Francis",2,1,"a",1,1,0,0
"Storms River Mouth - Cape St Francis",6,0,"b",29,43,5,0.172413793103448
"Storms River Mouth - Cape St Francis",6,0,"x",29,43,10,0.344827586206897
"Storms River Mouth - Cape St Francis",6,0,"a",29,43,5,0.172413793103448
"Storms River Mouth - Cape St Francis",6,0.25,"b",22,32,3,0.136363636363636
"Storms River Mouth - Cape St Francis",6,0.25,"x",22,32,7,0.318181818181818
"Storms River Mouth - Cape St Francis",6,0.25,"a",22,32,4,0.181818181818182
"Storms River Mouth - Cape St Francis",6,0.5,"b",15,22,1,0.0666666666666667
"Storms River Mouth - Cape St Francis",6,0.5,"x",15,22,3,0.2
"Storms River Mouth - Cape St Francis",6,0.5,"a",15,22,2,0.133333333333333
"Storms River Mouth - Cape St Francis",6,0.75,"b",8,11,0,0
"Storms River Mouth - Cape St Francis",6,0.75,"x",8,11,1,0.125
"Storms River Mouth - Cape St Francis",6,0.75,"a",8,11,1,0.125
"Storms River Mouth - Cape St Francis",6,1,"b",1,1,0,0
"Storms River Mouth - Cape St Francis",6,1,"x",1,1,1,1
"Storms River Mouth - Cape St Francis",6,1,"a",1,1,1,1
"Storms River Mouth - Cape St Francis",10,0,"b",29,43,8,0.275862068965517
"Storms River Mouth - Cape St Francis",10,0,"x",29,43,14,0.482758620689655
"Storms River Mouth - Cape St Francis",10,0,"a",29,43,6,0.206896551724138
"Storms River Mouth - Cape St Francis",10,0.25,"b",22,32,4,0.181818181818182
"Storms River Mouth - Cape St Francis",10,0.25,"x",22,32,9,0.409090909090909
"Storms River Mouth - Cape St Francis",10,0.25,"a",22,32,5,0.227272727272727
"Storms River Mouth - Cape St Francis",10,0.5,"b",15,22,2,0.133333333333333
"Storms River Mouth - Cape St Francis",10,0.5,"x",15,22,4,0.266666666666667
"Storms River Mouth - Cape St Francis",10,0.5,"a",15,22,2,0.133333333333333
"Storms River Mouth - Cape St Francis",10,0.75,"b",8,11,0,0
"Storms River Mouth - Cape St Francis",10,0.75,"x",8,11,1,0.125
"Storms River Mouth - Cape St Francis",10,0.75,"a",8,11,1,0.125
"Storms River Mouth - Cape St Francis",10,1,"b",1,1,0,0
"Storms River Mouth - Cape St Francis",10,1,"x",1,1,1,1
"Storms River Mouth - Cape St Francis",10,1,"a",1,1,1,1
"Storms River Mouth - Cape St Francis",14,0,"b",29,43,10,0.344827586206897
"Storms River Mouth - Cape St Francis",14,0,"x",29,43,19,0.655172413793103
"Storms River Mouth - Cape St Francis",14,0,"a",29,43,9,0.310344827586207
"Storms River Mouth - Cape St Francis",14,0.25,"b",22,32,5,0.227272727272727
"Storms River Mouth - Cape St Francis",14,0.25,"x",22,32,13,0.590909090909091
"Storms River Mouth - Cape St Francis",14,0.25,"a",22,32,8,0.363636363636364
"Storms River Mouth - Cape St Francis",14,0.5,"b",15,22,3,0.2
"Storms River Mouth - Cape St Francis",14,0.5,"x",15,22,7,0.466666666666667
"Storms River Mouth - Cape St Francis",14,0.5,"a",15,22,4,0.266666666666667
"Storms River Mouth - Cape St Francis",14,0.75,"b",8,11,0,0
"Storms River Mouth - Cape St Francis",14,0.75,"x",8,11,1,0.125
"Storms River Mouth - Cape St Francis",14,0.75,"a",8,11,1,0.125
"Storms River Mouth - Cape St Francis",14,1,"b",1,1,0,0
"Storms River Mouth - Cape St Francis",14,1,"x",1,1,1,1
"Storms River Mouth - Cape St Francis",14,1,"a",1,1,1,1
"Tsitsikamma East - Cape St Francis",2,0,"b",36,46,5,0.138888888888889
"Tsitsikamma East - Cape St Francis",2,0,"x",36,46,9,0.25
"Tsitsikamma East - Cape St Francis",2,0,"a",36,46,4,0.111111111111111
"Tsitsikamma East - Cape St Francis",2,0.25,"b",27,34,4,0.148148148148148
"Tsitsikamma East - Cape St Francis",2,0.25,"x",27,34,7,0.259259259259259
"Tsitsikamma East - Cape St Francis",2,0.25,"a",27,34,3,0.111111111111111
"Tsitsikamma East - Cape St Francis",2,0.5,"b",18,23,0,0
"Tsitsikamma East - Cape St Francis",2,0.5,"x",18,23,2,0.111111111111111
"Tsitsikamma East - Cape St Francis",2,0.5,"a",18,23,2,0.111111111111111
"Tsitsikamma East - Cape St Francis",2,0.75,"b",9,12,0,0
"Tsitsikamma East - Cape St Francis",2,0.75,"x",9,12,1,0.111111111111111
"Tsitsikamma East - Cape St Francis",2,0.75,"a",9,12,1,0.111111111111111
"Tsitsikamma East - Cape St Francis",2,1,"b",1,1,0,0
"Tsitsikamma East - Cape St Francis",2,1,"x",1,1,0,0
"Tsitsikamma East - Cape St Francis",2,1,"a",1,1,0,0
"Tsitsikamma East - Cape St Francis",6,0,"b",36,46,7,0.194444444444444
"Tsitsikamma East - Cape St Francis",6,0,"x",36,46,13,0.361111111111111
"Tsitsikamma East - Cape St Francis",6,0,"a",36,46,6,0.166666666666667
"Tsitsikamma East - Cape St Francis",6,0.25,"b",27,34,5,0.185185185185185
"Tsitsikamma East - Cape St Francis",6,0.25,"x",27,34,10,0.37037037037037
"Tsitsikamma East - Cape St Francis",6,0.25,"a",27,34,5,0.185185185185185
"Tsitsikamma East - Cape St Francis",6,0.5,"b",18,23,1,0.0555555555555556
"Tsitsikamma East - Cape St Francis",6,0.5,"x",18,23,4,0.222222222222222
"Tsitsikamma East - Cape St Francis",6,0.5,"a",18,23,3,0.166666666666667
"Tsitsikamma East - Cape St Francis",6,0.75,"b",9,12,0,0
"Tsitsikamma East - Cape St Francis",6,0.75,"x",9,12,2,0.222222222222222
"Tsitsikamma East - Cape St Francis",6,0.75,"a",9,12,2,0.222222222222222
"Tsitsikamma East - Cape St Francis",6,1,"b",1,1,0,0
"Tsitsikamma East - Cape St Francis",6,1,"x",1,1,0,0
"Tsitsikamma East - Cape St Francis",6,1,"a",1,1,0,0
"Tsitsikamma East - Cape St Francis",10,0,"b",36,46,9,0.25
"Tsitsikamma East - Cape St Francis",10,0,"x",36,46,20,0.555555555555556
"Tsitsikamma East - Cape St Francis",10,0,"a",36,46,11,0.305555555555556
"Tsitsikamma East - Cape St Francis",10,0.25,"b",27,34,6,0.222222222222222
"Tsitsikamma East - Cape St Francis",10,0.25,"x",27,34,16,0.592592592592593
"Tsitsikamma East - Cape St Francis",10,0.25,"a",27,34,10,0.37037037037037
"Tsitsikamma East - Cape St Francis",10,0.5,"b",18,23,1,0.0555555555555556
"Tsitsikamma East - Cape St Francis",10,0.5,"x",18,23,4,0.222222222222222
"Tsitsikamma East - Cape St Francis",10,0.5,"a",18,23,3,0.166666666666667
"Tsitsikamma East - Cape St Francis",10,0.75,"b",9,12,0,0
"Tsitsikamma East - Cape St Francis",10,0.75,"x",9,12,2,0.222222222222222
"Tsitsikamma East - Cape St Francis",10,0.75,"a",9,12,2,0.222222222222222
"Tsitsikamma East - Cape St Francis",10,1,"b",1,1,0,0
"Tsitsikamma East - Cape St Francis",10,1,"x",1,1,0,0
"Tsitsikamma East - Cape St Francis",10,1,"a",1,1,0,0
"Tsitsikamma East - Cape St Francis",14,0,"b",36,46,11,0.305555555555556
"Tsitsikamma East - Cape St Francis",14,0,"x",36,46,25,0.694444444444444
"Tsitsikamma East - Cape St Francis",14,0,"a",36,46,14,0.388888888888889
"Tsitsikamma East - Cape St Francis",14,0.25,"b",27,34,7,0.259259259259259
"Tsitsikamma East - Cape St Francis",14,0.25,"x",27,34,20,0.740740740740741
"Tsitsikamma East - Cape St Francis",14,0.25,"a",27,34,13,0.481481481481481
"Tsitsikamma East - Cape St Francis",14,0.5,"b",18,23,1,0.0555555555555556
"Tsitsikamma East - Cape St Francis",14,0.5,"x",18,23,6,0.333333333333333
"Tsitsikamma East - Cape St Francis",14,0.5,"a",18,23,5,0.277777777777778
"Tsitsikamma East - Cape St Francis",14,0.75,"b",9,12,0,0
"Tsitsikamma East - Cape St Francis",14,0.75,"x",9,12,2,0.222222222222222
"Tsitsikamma East - Cape St Francis",14,0.75,"a",9,12,2,0.222222222222222
"Tsitsikamma East - Cape St Francis",14,1,"b",1,1,0,0
"Tsitsikamma East - Cape St Francis",14,1,"x",1,1,0,0
"Tsitsikamma East - Cape St Francis",14,1,"a",1,1,0,0
"Tsitsikamma West - Cape St Francis",2,0,"b",25,41,5,0.2
"Tsitsikamma West - Cape St Francis",2,0,"x",25,41,7,0.28
"Tsitsikamma West - Cape St Francis",2,0,"a",25,41,3,0.12
"Tsitsikamma West - Cape St Francis",2,0.25,"b",19,31,4,0.210526315789474
"Tsitsikamma West - Cape St Francis",2,0.25,"x",19,31,5,0.263157894736842
"Tsitsikamma West - Cape St Francis",2,0.25,"a",19,31,2,0.105263157894737
"Tsitsikamma West - Cape St Francis",2,0.5,"b",13,21,2,0.153846153846154
"Tsitsikamma West - Cape St Francis",2,0.5,"x",13,21,2,0.153846153846154
"Tsitsikamma West - Cape St Francis",2,0.5,"a",13,21,1,0.0769230769230769
"Tsitsikamma West - Cape St Francis",2,0.75,"b",7,11,1,0.142857142857143
"Tsitsikamma West - Cape St Francis",2,0.75,"x",7,11,1,0.142857142857143
"Tsitsikamma West - Cape St Francis",2,0.75,"a",7,11,1,0.142857142857143
"Tsitsikamma West - Cape St Francis",2,1,"b",1,1,0,0
"Tsitsikamma West - Cape St Francis",2,1,"x",1,1,0,0
"Tsitsikamma West - Cape St Francis",2,1,"a",1,1,0,0
"Tsitsikamma West - Cape St Francis",6,0,"b",25,41,5,0.2
"Tsitsikamma West - Cape St Francis",6,0,"x",25,41,10,0.4
"Tsitsikamma West - Cape St Francis",6,0,"a",25,41,6,0.24
"Tsitsikamma West - Cape St Francis",6,0.25,"b",19,31,4,0.210526315789474
"Tsitsikamma West - Cape St Francis",6,0.25,"x",19,31,7,0.368421052631579
"Tsitsikamma West - Cape St Francis",6,0.25,"a",19,31,4,0.210526315789474
"Tsitsikamma West - Cape St Francis",6,0.5,"b",13,21,2,0.153846153846154
"Tsitsikamma West - Cape St Francis",6,0.5,"x",13,21,3,0.230769230769231
"Tsitsikamma West - Cape St Francis",6,0.5,"a",13,21,2,0.153846153846154
"Tsitsikamma West - Cape St Francis",6,0.75,"b",7,11,1,0.142857142857143
"Tsitsikamma West - Cape St Francis",6,0.75,"x",7,11,1,0.142857142857143
"Tsitsikamma West - Cape St Francis",6,0.75,"a",7,11,1,0.142857142857143
"Tsitsikamma West - Cape St Francis",6,1,"b",1,1,0,0
"Tsitsikamma West - Cape St Francis",6,1,"x",1,1,0,0
"Tsitsikamma West - Cape St Francis",6,1,"a",1,1,0,0
"Tsitsikamma West - Cape St Francis",10,0,"b",25,41,5,0.2
"Tsitsikamma West - Cape St Francis",10,0,"x",25,41,11,0.44
"Tsitsikamma West - Cape St Francis",10,0,"a",25,41,7,0.28
"Tsitsikamma West - Cape St Francis",10,0.25,"b",19,31,4,0.210526315789474
"Tsitsikamma West - Cape St Francis",10,0.25,"x",19,31,7,0.368421052631579
"Tsitsikamma West - Cape St Francis",10,0.25,"a",19,31,4,0.210526315789474
"Tsitsikamma West - Cape St Francis",10,0.5,"b",13,21,2,0.153846153846154
"Tsitsikamma West - Cape St Francis",10,0.5,"x",13,21,3,0.230769230769231
"Tsitsikamma West - Cape St Francis",10,0.5,"a",13,21,2,0.153846153846154
"Tsitsikamma West - Cape St Francis",10,0.75,"b",7,11,1,0.142857142857143
"Tsitsikamma West - Cape St Francis",10,0.75,"x",7,11,1,0.142857142857143
"Tsitsikamma West - Cape St Francis",10,0.75,"a",7,11,1,0.142857142857143
"Tsitsikamma West - Cape St Francis",10,1,"b",1,1,0,0
"Tsitsikamma West - Cape St Francis",10,1,"x",1,1,0,0
"Tsitsikamma West - Cape St Francis",10,1,"a",1,1,0,0
"Tsitsikamma West - Cape St Francis",14,0,"b",25,41,8,0.32
"Tsitsikamma West - Cape St Francis",14,0,"x",25,41,16,0.64
"Tsitsikamma West - Cape St Francis",14,0,"a",25,41,9,0.36
"Tsitsikamma West - Cape St Francis",14,0.25,"b",19,31,6,0.315789473684211
"Tsitsikamma West - Cape St Francis",14,0.25,"x",19,31,11,0.578947368421053
"Tsitsikamma West - Cape St Francis",14,0.25,"a",19,31,6,0.315789473684211
"Tsitsikamma West - Cape St Francis",14,0.5,"b",13,21,2,0.153846153846154
"Tsitsikamma West - Cape St Francis",14,0.5,"x",13,21,4,0.307692307692308
"Tsitsikamma West - Cape St Francis",14,0.5,"a",13,21,3,0.230769230769231
"Tsitsikamma West - Cape St Francis",14,0.75,"b",7,11,1,0.142857142857143
"Tsitsikamma West - Cape St Francis",14,0.75,"x",7,11,1,0.142857142857143
"Tsitsikamma West - Cape St Francis",14,0.75,"a",7,11,1,0.142857142857143
"Tsitsikamma West - Cape St Francis",14,1,"b",1,1,0,0
"Tsitsikamma West - Cape St Francis",14,1,"x",1,1,0,0
"Tsitsikamma West - Cape St Francis",14,1,"a",1,1,0,0
"Ystervarkpunt - Cape St Blaize",2,0,"b",22,34,2,0.0909090909090909
"Ystervarkpunt - Cape St Blaize",2,0,"x",22,34,3,0.136363636363636
"Ystervarkpunt - Cape St Blaize",2,0,"a",22,34,1,0.0454545454545455
"Ystervarkpunt - Cape St Blaize",2,0.25,"b",16,25,0,0
"Ystervarkpunt - Cape St Blaize",2,0.25,"x",16,25,1,0.0625
"Ystervarkpunt - Cape St Blaize",2,0.25,"a",16,25,1,0.0625
"Ystervarkpunt - Cape St Blaize",2,0.5,"b",11,17,0,0
"Ystervarkpunt - Cape St Blaize",2,0.5,"x",11,17,1,0.0909090909090909
"Ystervarkpunt - Cape St Blaize",2,0.5,"a",11,17,1,0.0909090909090909
"Ystervarkpunt - Cape St Blaize",2,0.75,"b",6,9,0,0
"Ystervarkpunt - Cape St Blaize",2,0.75,"x",6,9,0,0
"Ystervarkpunt - Cape St Blaize",2,0.75,"a",6,9,0,0
"Ystervarkpunt - Cape St Blaize",2,1,"b",1,1,0,0
"Ystervarkpunt - Cape St Blaize",2,1,"x",1,1,0,0
"Ystervarkpunt - Cape St Blaize",2,1,"a",1,1,0,0
"Ystervarkpunt - Cape St Blaize",6,0,"b",22,34,5,0.227272727272727
"Ystervarkpunt - Cape St Blaize",6,0,"x",22,34,7,0.318181818181818
"Ystervarkpunt - Cape St Blaize",6,0,"a",22,34,2,0.0909090909090909
"Ystervarkpunt - Cape St Blaize",6,0.25,"b",16,25,1,0.0625
"Ystervarkpunt - Cape St Blaize",6,0.25,"x",16,25,3,0.1875
"Ystervarkpunt - Cape St Blaize",6,0.25,"a",16,25,2,0.125
"Ystervarkpunt - Cape St Blaize",6,0.5,"b",11,17,0,0
"Ystervarkpunt - Cape St Blaize",6,0.5,"x",11,17,1,0.0909090909090909
"Ystervarkpunt - Cape St Blaize",6,0.5,"a",11,17,1,0.0909090909090909
"Ystervarkpunt - Cape St Blaize",6,0.75,"b",6,9,0,0
"Ystervarkpunt - Cape St Blaize",6,0.75,"x",6,9,0,0
"Ystervarkpunt - Cape St Blaize",6,0.75,"a",6,9,0,0
"Ystervarkpunt - Cape St Blaize",6,1,"b",1,1,0,0
"Ystervarkpunt - Cape St Blaize",6,1,"x",1,1,0,0
"Ystervarkpunt - Cape St Blaize",6,1,"a",1,1,0,0
"Ystervarkpunt - Cape St Blaize",10,0,"b",22,34,6,0.272727272727273
"Ystervarkpunt - Cape St Blaize",10,0,"x",22,34,11,0.5
"Ystervarkpunt - Cape St Blaize",10,0,"a",22,34,5,0.227272727272727
"Ystervarkpunt - Cape St Blaize",10,0.25,"b",16,25,2,0.125
"Ystervarkpunt - Cape St Blaize",10,0.25,"x",16,25,6,0.375
"Ystervarkpunt - Cape St Blaize",10,0.25,"a",16,25,4,0.25
"Ystervarkpunt - Cape St Blaize",10,0.5,"b",11,17,1,0.0909090909090909
"Ystervarkpunt - Cape St Blaize",10,0.5,"x",11,17,3,0.272727272727273
"Ystervarkpunt - Cape St Blaize",10,0.5,"a",11,17,2,0.181818181818182
"Ystervarkpunt - Cape St Blaize",10,0.75,"b",6,9,1,0.166666666666667
"Ystervarkpunt - Cape St Blaize",10,0.75,"x",6,9,1,0.166666666666667
"Ystervarkpunt - Cape St Blaize",10,0.75,"a",6,9,0,0
"Ystervarkpunt - Cape St Blaize",10,1,"b",1,1,1,1
"Ystervarkpunt - Cape St Blaize",10,1,"x",1,1,1,1
"Ystervarkpunt - Cape St Blaize",10,1,"a",1,1,0,0
"Ystervarkpunt - Cape St Blaize",14,0,"b",22,34,6,0.272727272727273
"Ystervarkpunt - Cape St Blaize",14,0,"x",22,34,16,0.727272727272727
"Ystervarkpunt - Cape St Blaize",14,0,"a",22,34,10,0.454545454545455
"Ystervarkpunt - Cape St Blaize",14,0.25,"b",16,25,2,0.125
"Ystervarkpunt - Cape St Blaize",14,0.25,"x",16,25,9,0.5625
"Ystervarkpunt - Cape St Blaize",14,0.25,"a",16,25,7,0.4375
"Ystervarkpunt - Cape St Blaize",14,0.5,"b",11,17,1,0.0909090909090909
"Ystervarkpunt - Cape St Blaize",14,0.5,"x",11,17,5,0.454545454545455
"Ystervarkpunt - Cape St Blaize",14,0.5,"a",11,17,4,0.363636363636364
"Ystervarkpunt - Cape St Blaize",14,0.75,"b",6,9,1,0.166666666666667
"Ystervarkpunt - Cape St Blaize",14,0.75,"x",6,9,2,0.333333333333333
"Ystervarkpunt - Cape St Blaize",14,0.75,"a",6,9,1,0.166666666666667
"Ystervarkpunt - Cape St Blaize",14,1,"b",1,1,1,1
"Ystervarkpunt - Cape St Blaize",14,1,"x",1,1,1,1
"Ystervarkpunt - Cape St Blaize",14,1,"a",1,1,0,0
